attack_cat,label,proto,state,dur,sbytes,dbytes,sttl,dttl,sloss,dloss,service,sload,dload,spkts,dpkts,swin,dwin,stcpb,dtcpb,smeansz,dmeansz,trans_depth,res_bdy_len,sjit,djit,stime,ltime,sintpkt,dintpkt,tcprtt,synack,ackdat,is_sm_ips_ports,ct_state_ttl,ct_flw_http_mthd,is_ftp_login,ct_ftp_cmd,ct_srv_src,ct_srv_dst,ct_dst_ltm,ct_src__ltm,ct_src_dport_ltm,ct_dst_sport_ltm,ct_dst_src_ltm
Analysis,1,visa,INT,3e-06,200,0,254,0,0,0,-,266666656.0,0.0,2,0,0,0,0,0,100,0,0,0,0.0,0.0,1424244386,1424244386,0.003,0.0,0.0,0.0,0.0,0,2,0.0,0.0, ,12,12,4,5,3,3,16
Analysis,1,isis,INT,8e-06,200,0,254,0,0,0,-,100000000.0,0.0,2,0,0,0,0,0,100,0,0,0,0.0,0.0,1424223238,1424223238,0.008,0.0,0.0,0.0,0.0,0,2,0.0,0.0, ,4,4,2,11,2,2,4
Analysis,1,tcp,FIN,1.656276,2438,1390,254,252,6,7,smtp,11123.75,6341.937988,18,18,255,255,3101807688,3609800651,135,77,0,0,4679.448697,102.865945,1424231076,1424231077,97.426353,87.55318,0.200996,0.167863,0.033133,0,1,0.0,0.0, ,1,1,1,1,1,1,1
Analysis,1,ggp,INT,1e-06,180,0,254,0,0,0,-,720000000.0,0.0,2,0,0,0,0,0,90,0,0,0,0.0,0.0,1424251514,1424251514,0.001,0.0,0.0,0.0,0.0,0,2,0.0,0.0, ,4,3,3,4,4,3,3
Analysis,1,srp,INT,4e-06,200,0,254,0,0,0,-,200000000.0,0.0,2,0,0,0,0,0,100,0,0,0,0.0,0.0,1421930716,1421930716,0.004,0.0,0.0,0.0,0.0,0,2,0.0,0.0,0,14,14,4,11,4,4,4
Analysis,1,sat-mon,INT,8e-06,200,0,254,0,0,0,-,100000000.0,0.0,2,0,0,0,0,0,100,0,0,0,0.0,0.0,1424244386,1424244386,0.008,0.0,0.0,0.0,0.0,0,2,0.0,0.0, ,12,12,4,5,3,3,16
Analysis,1,iplt,INT,5e-06,200,0,254,0,0,0,-,160000000.0,0.0,2,0,0,0,0,0,100,0,0,0,0.0,0.0,1424223242,1424223242,0.005,0.0,0.0,0.0,0.0,0,2,0.0,0.0, ,4,4,2,15,1,1,4
Analysis,1,unas,INT,7e-06,200,0,254,0,0,0,-,114285712.0,0.0,2,0,0,0,0,0,100,0,0,0,0.0,0.0,1424230405,1424230405,0.007,0.0,0.0,0.0,0.0,0,2,0.0,0.0, ,2,2,1,1,1,1,3
Analysis,1,unas,INT,9e-06,200,0,254,0,0,0,-,88888888.0,0.0,2,0,0,0,0,0,100,0,0,0,0.0,0.0,1424251665,1424251665,0.009,0.0,0.0,0.0,0.0,0,2,0.0,0.0, ,4,4,2,2,2,2,4
Analysis,1,cbt,INT,1.038991,360,0,254,0,0,0,-,2078.940186,0.0,4,0,0,0,0,0,90,0,0,0,489.773031,0.0,1421930643,1421930644,346.330344,0.0,0.0,0.0,0.0,0,2,0.0,0.0,0,8,6,5,4,4,4,4
Analysis,1,tp++,INT,5e-06,200,0,254,0,0,0,-,72727272.0,0.0,2,0,0,0,0,0,100,0,0,0,0.0,0.0,1421930676,1421930676,0.011,0.0,0.0,0.0,0.0,0,2,0.0,0.0,0,23,18,6,8,6,6,6
Analysis,1,unas,INT,3e-06,200,0,254,0,0,0,-,266666656.0,0.0,2,0,0,0,0,0,100,0,0,0,0.0,0.0,1424258895,1424258895,0.003,0.0,0.0,0.0,0.0,0,2,0.0,0.0, ,4,4,2,5,2,2,5
Analysis,1,unas,INT,9e-06,200,0,254,0,0,0,-,88888888.0,0.0,2,0,0,0,0,0,100,0,0,0,0.0,0.0,1424258889,1424258889,0.009,0.0,0.0,0.0,0.0,0,2,0.0,0.0, ,3,3,3,5,2,2,4
Analysis,1,unas,INT,9e-06,200,0,254,0,0,0,-,88888888.0,0.0,2,0,0,0,0,0,100,0,0,0,0.0,0.0,1424230391,1424230391,0.009,0.0,0.0,0.0,0.0,0,2,0.0,0.0, ,4,4,2,4,2,2,4
Analysis,1,unas,INT,1e-05,200,0,254,0,0,0,-,80000000.0,0.0,2,0,0,0,0,0,100,0,0,0,0.0,0.0,1424244426,1424244426,0.01,0.0,0.0,0.0,0.0,0,2,0.0,0.0, ,7,7,5,5,4,4,10
Analysis,1,unas,INT,3e-06,200,0,254,0,0,0,-,266666656.0,0.0,2,0,0,0,0,0,100,0,0,0,0.0,0.0,1424223272,1424223272,0.003,0.0,0.0,0.0,0.0,0,2,0.0,0.0, ,9,9,3,12,3,3,10
Analysis,1,ipcv,INT,1e-05,200,0,254,0,0,0,-,80000000.0,0.0,2,0,0,0,0,0,100,0,0,0,0.0,0.0,1424251623,1424251623,0.01,0.0,0.0,0.0,0.0,0,2,0.0,0.0, ,4,4,3,3,3,3,4
Analysis,1,sep,INT,1.1e-05,200,0,254,0,0,0,-,72727272.0,0.0,2,0,0,0,0,0,100,0,0,0,0.0,0.0,1421930674,1421930674,0.011,0.0,0.0,0.0,0.0,0,2,0.0,0.0,0,22,17,5,7,4,4,4
Analysis,1,vrrp,INT,3e-06,200,0,254,0,0,0,-,266666656.0,0.0,2,0,0,0,0,0,100,0,0,0,0.0,0.0,1424237347,1424237347,0.003,0.0,0.0,0.0,0.0,0,2,0.0,0.0, ,4,4,2,16,2,2,4
Analysis,1,rsvp,INT,3e-06,200,0,254,0,0,0,-,266666656.0,0.0,2,0,0,0,0,0,100,0,0,0,0.0,0.0,1424258787,1424258787,0.003,0.0,0.0,0.0,0.0,0,2,0.0,0.0, ,4,4,2,3,2,2,4
Analysis,1,unas,INT,9e-06,200,0,254,0,0,0,-,88888888.0,0.0,2,0,0,0,0,0,100,0,0,0,0.0,0.0,1424237408,1424237408,0.009,0.0,0.0,0.0,0.0,0,2,0.0,0.0, ,4,4,4,3,3,3,4
Analysis,1,tcp,FIN,1.962046,848,1248,62,252,2,2,http,3115.115479,4582.971191,10,10,255,255,235687092,561984843,85,125,1,157,16497.28699,374.069344,1424232791,1424232793,218.005111,206.098891,0.145168,0.080971,0.064197,0,1,1.0,0.0, ,1,1,1,1,1,1,1
Analysis,1,unas,INT,7e-06,200,0,254,0,0,0,-,114285712.0,0.0,2,0,0,0,0,0,100,0,0,0,0.0,0.0,1424230423,1424230423,0.007,0.0,0.0,0.0,0.0,0,2,0.0,0.0, ,3,3,1,1,1,1,3
Analysis,1,unas,INT,3e-06,200,0,254,0,0,0,-,266666656.0,0.0,2,0,0,0,0,0,100,0,0,0,0.0,0.0,1424251667,1424251667,0.003,0.0,0.0,0.0,0.0,0,2,0.0,0.0, ,2,2,2,2,2,2,2
Analysis,1,kryptolan,INT,9e-06,200,0,254,0,0,0,-,88888888.0,0.0,2,0,0,0,0,0,100,0,0,0,0.0,0.0,1424223204,1424223204,0.009,0.0,0.0,0.0,0.0,0,2,0.0,0.0, ,6,6,4,13,3,3,6
Analysis,1,unas,INT,4e-06,200,0,254,0,0,0,-,200000000.0,0.0,2,0,0,0,0,0,100,0,0,0,0.0,0.0,1424237413,1424237413,0.004,0.0,0.0,0.0,0.0,0,2,0.0,0.0, ,4,4,2,2,2,2,4
Analysis,1,micp,INT,1.1e-05,200,0,254,0,0,0,-,72727272.0,0.0,2,0,0,0,0,0,100,0,0,0,0.0,0.0,1421930705,1421930705,0.011,0.0,0.0,0.0,0.0,0,2,0.0,0.0,0,8,9,2,9,2,2,2
Analysis,1,wsn,INT,1e-05,200,0,254,0,0,0,-,80000000.0,0.0,2,0,0,0,0,0,100,0,0,0,0.0,0.0,1424251624,1424251624,0.01,0.0,0.0,0.0,0.0,0,2,0.0,0.0, ,4,4,1,1,1,1,4
Analysis,1,unas,INT,2e-06,200,0,254,0,0,0,-,400000000.0,0.0,2,0,0,0,0,0,100,0,0,0,0.0,0.0,1421930755,1421930755,0.002,0.0,0.0,0.0,0.0,0,2,0.0,0.0,0,15,15,4,8,2,2,3
Analysis,1,unas,INT,9e-06,200,0,254,0,0,0,-,88888888.0,0.0,2,0,0,0,0,0,100,0,0,0,0.0,0.0,1424244428,1424244428,0.009,0.0,0.0,0.0,0.0,0,2,0.0,0.0, ,12,12,4,4,4,4,14
Analysis,1,unas,INT,9e-06,200,0,254,0,0,0,-,88888888.0,0.0,2,0,0,0,0,0,100,0,0,0,0.0,0.0,1424237378,1424237378,0.009,0.0,0.0,0.0,0.0,0,2,0.0,0.0, ,5,5,3,17,3,3,5
Analysis,1,unas,INT,9e-06,200,0,254,0,0,0,-,88888888.0,0.0,2,0,0,0,0,0,100,0,0,0,0.0,0.0,1424251677,1424251677,0.009,0.0,0.0,0.0,0.0,0,2,0.0,0.0, ,2,2,2,2,2,2,2
Analysis,1,tcf,INT,5e-06,200,0,254,0,0,0,-,160000000.0,0.0,2,0,0,0,0,0,100,0,0,0,0.0,0.0,1424258816,1424258816,0.005,0.0,0.0,0.0,0.0,0,2,0.0,0.0, ,7,7,4,6,4,4,7
Analysis,1,tcp,FIN,2.22636,824,1200,62,252,2,2,http,2666.235352,3880.773926,10,10,255,255,1624923709,2747149080,82,120,1,150,14399.66586,416.172625,1424239617,1424239620,247.373333,227.921672,0.235389,0.141835,0.093554,0,1,1.0,0.0, ,1,1,1,1,1,1,1
Analysis,1,wsn,INT,3e-06,200,0,254,0,0,0,-,266666656.0,0.0,2,0,0,0,0,0,100,0,0,0,0.0,0.0,1424258810,1424258810,0.003,0.0,0.0,0.0,0.0,0,2,0.0,0.0, ,3,3,1,2,1,1,3
Analysis,1,tcp,FIN,5.414656,924,1400,62,252,2,2,http,1251.418335,1861.614014,12,10,255,255,1875941445,597935511,77,140,1,233,37050.56422,1006.2975,1424232855,1424232860,492.241443,595.184437,0.096592,0.056819,0.039773,0,1,1.0,0.0, ,1,1,1,2,1,1,1
Analysis,1,iatp,INT,8e-06,200,0,254,0,0,0,-,100000000.0,0.0,2,0,0,0,0,0,100,0,0,0,0.0,0.0,1424223235,1424223235,0.008,0.0,0.0,0.0,0.0,0,2,0.0,0.0, ,5,5,2,8,2,2,5
Analysis,1,unas,INT,9e-06,200,0,254,0,0,0,-,88888888.0,0.0,2,0,0,0,0,0,100,0,0,0,0.0,0.0,1424258859,1424258859,0.009,0.0,0.0,0.0,0.0,0,2,0.0,0.0, ,3,3,2,3,2,2,3
Analysis,1,unas,INT,5e-06,200,0,254,0,0,0,-,160000000.0,0.0,2,0,0,0,0,0,100,0,0,0,0.0,0.0,1424258883,1424258883,0.005,0.0,0.0,0.0,0.0,0,2,0.0,0.0, ,7,7,3,4,3,3,7
Analysis,1,idrp,INT,9e-06,200,0,254,0,0,0,-,88888888.0,0.0,2,0,0,0,0,0,100,0,0,0,0.0,0.0,1424230238,1424230238,0.009,0.0,0.0,0.0,0.0,0,2,0.0,0.0, ,4,4,1,1,1,1,4
Analysis,1,emcon,INT,3e-06,180,0,254,0,0,0,-,239999984.0,0.0,2,0,0,0,0,0,90,0,0,0,0.0,0.0,1424237259,1424237259,0.003,0.0,0.0,0.0,0.0,0,2,0.0,0.0, ,10,10,11,10,10,10,10
Analysis,1,tcp,FIN,0.455816,840,1216,62,252,2,2,http,13268.51172,18674.20117,10,8,255,255,2853542503,547946547,84,152,1,129,2629.877116,75.586148,1424254526,1424254526,50.646222,51.89557,0.080976,0.058011,0.022965,0,1,4.0,0.0, ,5,6,2,2,2,2,5
Analysis,1,tcp,FIN,2.182258,846,1208,62,252,2,2,http,2793.437012,3988.529541,10,10,255,255,2668037382,510386740,85,121,1,136,14708.21013,420.019625,1424232575,1424232577,242.473111,229.101219,0.191195,0.104995,0.0862,0,1,1.0,0.0, ,1,1,14,1,1,1,1
Analysis,1,sat-expak,INT,9e-06,200,0,254,0,0,0,-,88888888.0,0.0,2,0,0,0,0,0,100,0,0,0,0.0,0.0,1424258802,1424258802,0.009,0.0,0.0,0.0,0.0,0,2,0.0,0.0, ,3,3,2,4,2,2,3
Analysis,1,unas,INT,1e-05,200,0,254,0,0,0,-,80000000.0,0.0,2,0,0,0,0,0,100,0,0,0,0.0,0.0,1424244412,1424244412,0.01,0.0,0.0,0.0,0.0,0,2,0.0,0.0, ,9,9,6,6,5,5,13
Analysis,1,tp++,INT,5e-06,200,0,254,0,0,0,-,72727272.0,0.0,2,0,0,0,0,0,100,0,0,0,0.0,0.0,1421930676,1421930676,0.011,0.0,0.0,0.0,0.0,0,2,0.0,0.0,0,23,18,6,8,6,6,6
Analysis,1,tcp,FIN,0.662297,808,1084,62,252,2,2,http,8793.637695,11463.13477,10,8,255,255,2591320758,3541722580,81,136,1,140,3780.395853,142.700344,1424247119,1424247120,73.588556,88.908289,0.089787,0.039195,0.050592,0,1,4.0,0.0, ,3,3,2,3,2,2,3
Analysis,1,unas,INT,6e-06,200,0,254,0,0,0,-,133333328.0,0.0,2,0,0,0,0,0,100,0,0,0,0.0,0.0,1424230315,1424230315,0.006,0.0,0.0,0.0,0.0,0,2,0.0,0.0, ,3,3,2,2,2,2,3
Analysis,1,unas,INT,6e-06,200,0,254,0,0,0,-,133333328.0,0.0,2,0,0,0,0,0,100,0,0,0,0.0,0.0,1424244409,1424244409,0.006,0.0,0.0,0.0,0.0,0,2,0.0,0.0, ,11,11,6,6,4,4,14
Analysis,1,wb-expak,INT,5e-06,200,0,254,0,0,0,-,160000000.0,0.0,2,0,0,0,0,0,100,0,0,0,0.0,0.0,1424258813,1424258813,0.005,0.0,0.0,0.0,0.0,0,2,0.0,0.0, ,5,5,2,2,2,2,5
Analysis,1,scps,INT,1.1e-05,200,0,254,0,0,0,-,72727272.0,0.0,2,0,0,0,0,0,100,0,0,0,0.0,0.0,1421930711,1421930711,0.011,0.0,0.0,0.0,0.0,0,2,0.0,0.0,0,9,9,7,13,6,6,6
Analysis,1,unas,INT,9e-06,200,0,254,0,0,0,-,88888888.0,0.0,2,0,0,0,0,0,100,0,0,0,0.0,0.0,1424237397,1424237397,0.009,0.0,0.0,0.0,0.0,0,2,0.0,0.0, ,4,4,2,26,2,2,4
Analysis,1,leaf-2,INT,8e-06,200,0,254,0,0,0,-,100000000.0,0.0,2,0,0,0,0,0,100,0,0,0,0.0,0.0,1424258770,1424258770,0.008,0.0,0.0,0.0,0.0,0,2,0.0,0.0, ,4,4,1,2,1,1,4
Analysis,1,sctp,CON,0.596136,536,440,254,60,0,0,-,5394.742188,2952.34668,4,2,0,0,0,0,134,220,0,0,281.009187,0.0,1424224488,1424224488,198.712,0.008,0.0,0.0,0.0,0,0,0.0,0.0, ,1,1,1,1,1,1,1
Analysis,1,sps,INT,9e-06,200,0,254,0,0,0,-,88888888.0,0.0,2,0,0,0,0,0,100,0,0,0,0.0,0.0,1424244405,1424244405,0.009,0.0,0.0,0.0,0.0,0,2,0.0,0.0, ,14,14,6,6,5,5,17
Backdoors,1,i-nlsp,INT,7.146575,200,0,254,0,0,0,-,200000000.0,0.0,2,0,0,0,0,0,100,0,0,0,0.0,0.0,1421930681,1421930681,0.004,0.0,0.0,0.0,0.0,0,2,0.0,0.0,0,12,12,2,2,2,2,2
Backdoors,1,unas,INT,7e-06,200,0,254,0,0,0,-,114285712.0,0.0,2,0,0,0,0,0,100,0,0,0,0.0,0.0,1421930775,1421930775,0.007,0.0,0.0,0.0,0.0,0,2,0.0,0.0,0,10,9,3,7,2,2,3
Backdoors,1,unas,INT,1.1e-05,200,0,254,0,0,0,-,72727272.0,0.0,2,0,0,0,0,0,100,0,0,0,0.0,0.0,1421930757,1421930757,0.011,0.0,0.0,0.0,0.0,0,2,0.0,0.0,0,8,7,2,6,2,2,2
Backdoors,1,tcp,FIN,0.341179,904,268,254,252,2,1,-,19086.75391,5252.374512,10,6,255,255,3778300863,3121333099,90,45,0,0,2422.894997,108.877703,1421932460,1421932460,37.161778,57.951398,0.096962,0.051416,0.045546,0,1,0.0,0.0,0,1,1,1,1,1,1,1
Backdoors,1,ipv6-opts,INT,5e-06,200,0,254,0,0,0,-,160000000.0,0.0,2,0,0,0,0,0,100,0,0,0,0.0,0.0,1421930685,1421930685,0.005,0.0,0.0,0.0,0.0,0,2,0.0,0.0,0,14,14,2,3,2,2,2
Backdoors,1,cbt,INT,1.038991,360,0,254,0,0,0,-,2078.940186,0.0,4,0,0,0,0,0,90,0,0,0,489.773031,0.0,1421930643,1421930644,346.330344,0.0,0.0,0.0,0.0,0,2,0.0,0.0,0,8,6,5,4,4,4,4
Backdoors,1,unas,INT,9e-06,200,0,254,0,0,0,-,88888888.0,0.0,2,0,0,0,0,0,100,0,0,0,0.0,0.0,1421930756,1421930756,0.009,0.0,0.0,0.0,0.0,0,2,0.0,0.0,0,15,15,2,3,2,2,2
Backdoors,1,unas,INT,4e-06,200,0,254,0,0,0,-,200000000.0,0.0,2,0,0,0,0,0,100,0,0,0,0.0,0.0,1421930749,1421930749,0.004,0.0,0.0,0.0,0.0,0,2,0.0,0.0,0,14,14,6,9,4,4,5
Backdoors,1,unas,INT,1e-05,200,0,254,0,0,0,-,80000000.0,0.0,2,0,0,0,0,0,100,0,0,0,0.0,0.0,1421930807,1421930807,0.01,0.0,0.0,0.0,0.0,0,2,0.0,0.0,0,11,11,4,8,4,4,4
Backdoors,1,trunk-1,INT,4e-06,200,0,254,0,0,0,-,72727272.0,0.0,2,0,0,0,0,0,100,0,0,0,0.0,0.0,1421930668,1421930668,0.011,0.0,0.0,0.0,0.0,0,2,0.0,0.0,0,21,16,6,6,6,6,6
Backdoors,1,unas,INT,1e-05,200,0,254,0,0,0,-,80000000.0,0.0,2,0,0,0,0,0,100,0,0,0,0.0,0.0,1421930738,1421930738,0.01,0.0,0.0,0.0,0.0,0,2,0.0,0.0,0,11,11,2,5,2,2,2
Backdoors,1,ospf,INT,8e-06,200,0,254,0,0,0,-,72727272.0,0.0,2,0,0,0,0,0,100,0,0,0,0.0,0.0,1421930701,1421930701,0.011,0.0,0.0,0.0,0.0,0,2,0.0,0.0,0,15,12,7,9,6,6,7
Backdoors,1,pup,INT,1.1e-05,180,0,254,0,0,0,-,119999992.0,0.0,2,0,0,0,0,0,90,0,0,0,0.0,0.0,1421930645,1421930645,0.006,0.0,0.0,0.0,0.0,0,2,0.0,0.0,0,14,14,14,15,14,14,14
Backdoors,1,nvp,INT,1.1e-05,180,0,254,0,0,0,-,65454544.0,0.0,2,0,0,0,0,0,90,0,0,0,0.0,0.0,1421930645,1421930645,0.011,0.0,0.0,0.0,0.0,0,2,0.0,0.0,0,14,14,14,15,14,14,14
Backdoors,1,idpr,INT,4e-06,200,0,254,0,0,0,-,200000000.0,0.0,2,0,0,0,0,0,100,0,0,0,0.0,0.0,1421930675,1421930675,0.004,0.0,0.0,0.0,0.0,0,2,0.0,0.0,0,22,17,4,6,4,4,4
Backdoors,1,visa,INT,6e-06,200,0,254,0,0,0,-,133333328.0,0.0,2,0,0,0,0,0,100,0,0,0,0.0,0.0,1421930690,1421930690,0.006,0.0,0.0,0.0,0.0,0,2,0.0,0.0,0,12,12,6,6,6,6,6
Backdoors,1,irtp,INT,1e-06,200,0,254,0,0,0,-,160000000.0,0.0,2,0,0,0,0,0,100,0,0,0,0.0,0.0,1421930671,1421930671,0.005,0.0,0.0,0.0,0.0,0,2,0.0,0.0,0,21,16,4,6,4,4,4
Backdoors,1,unas,INT,4e-06,200,0,254,0,0,0,-,200000000.0,0.0,2,0,0,0,0,0,100,0,0,0,0.0,0.0,1421930735,1421930735,0.004,0.0,0.0,0.0,0.0,0,2,0.0,0.0,0,11,11,4,8,4,4,4
Backdoors,1,sm,INT,4e-06,200,0,254,0,0,0,-,200000000.0,0.0,2,0,0,0,0,0,100,0,0,0,0.0,0.0,1421930718,1421930718,0.004,0.0,0.0,0.0,0.0,0,2,0.0,0.0,0,13,11,2,6,2,2,2
Backdoors,1,unas,INT,8e-06,200,0,254,0,0,0,-,100000000.0,0.0,2,0,0,0,0,0,100,0,0,0,0.0,0.0,1421930805,1421930805,0.008,0.0,0.0,0.0,0.0,0,2,0.0,0.0,0,11,11,2,6,2,2,2
Backdoors,1,a/n,INT,1.1e-05,200,0,254,0,0,0,-,200000000.0,0.0,2,0,0,0,0,0,100,0,0,0,0.0,0.0,1421930711,1421930711,0.004,0.0,0.0,0.0,0.0,0,2,0.0,0.0,0,9,9,7,13,6,6,6
Backdoors,1,tlsp,INT,4e-06,200,0,254,0,0,0,-,200000000.0,0.0,2,0,0,0,0,0,100,0,0,0,0.0,0.0,1421930684,1421930684,0.004,0.0,0.0,0.0,0.0,0,2,0.0,0.0,0,14,14,6,6,6,6,6
Backdoors,1,netblt,INT,1.2e-05,200,0,254,0,0,0,-,72727272.0,0.0,2,0,0,0,0,0,100,0,0,0,0.0,0.0,1421930672,1421930672,0.011,0.0,0.0,0.0,0.0,0,2,0.0,0.0,0,22,17,4,4,4,4,4
Backdoors,1,any,INT,2e-06,200,0,254,0,0,0,-,400000000.0,0.0,2,0,0,0,0,0,100,0,0,0,0.0,0.0,1421930689,1421930689,0.002,0.0,0.0,0.0,0.0,0,2,0.0,0.0,0,19,18,4,4,4,4,4
Backdoors,1,udp,CON,0.050087,228,91,254,60,0,0,-,27312.47656,7347.21582,4,2,0,0,0,0,57,46,0,0,1.564356,0.0,1421932458,1421932458,1.116667,0.003,0.0,0.0,0.0,0,3,0.0,0.0,0,2,1,5,1,1,1,1
Backdoors,1,snp,INT,7e-06,200,0,254,0,0,0,-,133333328.0,0.0,2,0,0,0,0,0,100,0,0,0,0.0,0.0,1421930712,1421930712,0.006,0.0,0.0,0.0,0.0,0,2,0.0,0.0,0,9,9,1,5,1,1,1
Backdoors,1,unas,INT,1e-05,200,0,254,0,0,0,-,80000000.0,0.0,2,0,0,0,0,0,100,0,0,0,0.0,0.0,1421930793,1421930793,0.01,0.0,0.0,0.0,0.0,0,2,0.0,0.0,0,6,5,2,2,2,2,2
Backdoors,1,tcp,FIN,0.552026,364,374,254,252,1,2,-,4622.970703,4753.399414,8,8,255,255,3489713151,3645006572,46,47,0,0,4668.684806,105.64468,1421932110,1421932111,78.750286,69.303859,0.110711,0.066888,0.043823,0,1,0.0,0.0,0,1,1,1,1,1,1,1
Backdoors,1,kryptolan,INT,5e-06,200,0,254,0,0,0,-,160000000.0,0.0,2,0,0,0,0,0,100,0,0,0,0.0,0.0,1421930687,1421930687,0.005,0.0,0.0,0.0,0.0,0,2,0.0,0.0,0,19,18,4,5,4,4,4
Backdoors,1,etherip,INT,4e-06,200,0,254,0,0,0,-,200000000.0,0.0,2,0,0,0,0,0,100,0,0,0,0.0,0.0,1421930707,1421930707,0.004,0.0,0.0,0.0,0.0,0,2,0.0,0.0,0,14,14,4,8,4,4,4
Backdoors,1,gmtp,INT,3e-06,200,0,254,0,0,0,-,72727272.0,0.0,2,0,0,0,0,0,100,0,0,0,0.0,0.0,1421930708,1421930708,0.011,0.0,0.0,0.0,0.0,0,2,0.0,0.0,0,14,14,4,7,4,4,4
Backdoors,1,kryptolan,INT,5e-06,200,0,254,0,0,0,-,160000000.0,0.0,2,0,0,0,0,0,100,0,0,0,0.0,0.0,1421930687,1421930687,0.005,0.0,0.0,0.0,0.0,0,2,0.0,0.0,0,19,18,4,5,4,4,4
Backdoors,1,tcp,FIN,0.330493,624,268,62,252,2,1,http,13603.91895,5422.202637,10,6,255,255,1673875050,2995581196,62,45,0,0,1711.594506,91.211633,1421930986,1421930987,32.752667,58.924801,0.094511,0.035858,0.058653,0,1,0.0,0.0,0,1,1,1,2,1,1,1
Backdoors,1,sprite-rpc,INT,1e-05,200,0,254,0,0,0,-,80000000.0,0.0,2,0,0,0,0,0,100,0,0,0,0.0,0.0,1421930702,1421930702,0.01,0.0,0.0,0.0,0.0,0,2,0.0,0.0,0,15,12,2,7,2,2,2
Backdoors,1,unas,INT,7e-06,200,0,254,0,0,0,-,114285712.0,0.0,2,0,0,0,0,0,100,0,0,0,0.0,0.0,1421930774,1421930774,0.007,0.0,0.0,0.0,0.0,0,2,0.0,0.0,0,10,9,2,6,2,2,2
Backdoors,1,ospf,REQ,58.003418,29920,0,254,0,0,0,-,4089.138428,0.0,110,0,0,0,0,0,272,0,0,0,710.735188,0.0,1421933441,1421933499,547.563813,0.0,0.0,0.0,0.0,0,6,0.0,0.0,0,5,3,2,3,2,2,2
Backdoors,1,unas,INT,2e-06,200,0,254,0,0,0,-,400000000.0,0.0,2,0,0,0,0,0,100,0,0,0,0.0,0.0,1421930755,1421930755,0.002,0.0,0.0,0.0,0.0,0,2,0.0,0.0,0,15,15,4,8,2,2,3
Backdoors,1,ipcomp,INT,7e-06,200,0,254,0,0,0,-,114285712.0,0.0,2,0,0,0,0,0,100,0,0,0,0.0,0.0,1421930712,1421930712,0.007,0.0,0.0,0.0,0.0,0,2,0.0,0.0,0,14,13,5,5,5,5,5
Backdoors,1,bbn-rcc,INT,1.1e-05,180,0,254,0,0,0,-,65454544.0,0.0,2,0,0,0,0,0,90,0,0,0,0.0,0.0,1421930645,1421930645,0.011,0.0,0.0,0.0,0.0,0,2,0.0,0.0,0,14,14,14,15,14,14,14
Backdoors,1,unas,INT,6e-06,200,0,254,0,0,0,-,266666656.0,0.0,2,0,0,0,0,0,100,0,0,0,0.0,0.0,1421930739,1421930739,0.003,0.0,0.0,0.0,0.0,0,2,0.0,0.0,0,10,9,4,7,4,4,4
Backdoors,1,unas,INT,1.1e-05,200,0,254,0,0,0,-,72727272.0,0.0,2,0,0,0,0,0,100,0,0,0,0.0,0.0,1421930763,1421930763,0.011,0.0,0.0,0.0,0.0,0,2,0.0,0.0,0,16,16,4,11,4,4,4
Backdoors,1,scps,INT,1.1e-05,200,0,254,0,0,0,-,72727272.0,0.0,2,0,0,0,0,0,100,0,0,0,0.0,0.0,1421930711,1421930711,0.011,0.0,0.0,0.0,0.0,0,2,0.0,0.0,0,9,9,7,13,6,6,6
Backdoors,1,unas,INT,1.9e-05,200,0,254,0,0,0,-,42105264.0,0.0,2,0,0,0,0,0,100,0,0,0,0.0,0.0,1421930745,1421930745,0.019,0.0,0.0,0.0,0.0,0,2,0.0,0.0,0,10,10,4,11,4,4,4
Backdoors,1,unas,INT,4e-06,200,0,254,0,0,0,-,100000000.0,0.0,2,0,0,0,0,0,100,0,0,0,0.0,0.0,1421930750,1421930750,0.008,0.0,0.0,0.0,0.0,0,2,0.0,0.0,0,14,14,6,9,6,6,6
Backdoors,1,unas,INT,4e-06,200,0,254,0,0,0,-,114285712.0,0.0,2,0,0,0,0,0,100,0,0,0,0.0,0.0,1421930754,1421930754,0.007,0.0,0.0,0.0,0.0,0,2,0.0,0.0,0,15,15,6,11,6,6,6
Backdoors,1,cpnx,INT,6e-06,200,0,254,0,0,0,-,72727272.0,0.0,2,0,0,0,0,0,100,0,0,0,0.0,0.0,1421930690,1421930690,0.011,0.0,0.0,0.0,0.0,0,2,0.0,0.0,0,12,12,6,6,6,6,6
Backdoors,1,iso-ip,INT,2e-06,200,0,254,0,0,0,-,400000000.0,0.0,2,0,0,0,0,0,100,0,0,0,0.0,0.0,1421930696,1421930696,0.002,0.0,0.0,0.0,0.0,0,2,0.0,0.0,0,12,12,2,2,2,2,2
Backdoors,1,narp,INT,1.1e-05,200,0,254,0,0,0,-,72727272.0,0.0,2,0,0,0,0,0,100,0,0,0,0.0,0.0,1421930682,1421930682,0.011,0.0,0.0,0.0,0.0,0,2,0.0,0.0,0,14,14,6,5,4,4,5
Backdoors,1,leaf-2,INT,3e-06,200,0,254,0,0,0,-,72727272.0,0.0,2,0,0,0,0,0,100,0,0,0,0.0,0.0,1421930670,1421930670,0.011,0.0,0.0,0.0,0.0,0,2,0.0,0.0,0,21,16,4,5,4,4,4
Backdoors,1,iatp,INT,1e-05,200,0,254,0,0,0,-,114285712.0,0.0,2,0,0,0,0,0,100,0,0,0,0.0,0.0,1421930715,1421930715,0.007,0.0,0.0,0.0,0.0,0,2,0.0,0.0,0,14,14,6,6,6,6,6
Backdoors,1,unas,INT,4e-06,200,0,254,0,0,0,-,72727272.0,0.0,2,0,0,0,0,0,100,0,0,0,0.0,0.0,1421930750,1421930750,0.011,0.0,0.0,0.0,0.0,0,2,0.0,0.0,0,14,14,6,9,6,6,6
Backdoors,1,unas,INT,7e-06,200,0,254,0,0,0,-,114285712.0,0.0,2,0,0,0,0,0,100,0,0,0,0.0,0.0,1421930779,1421930779,0.007,0.0,0.0,0.0,0.0,0,2,0.0,0.0,0,6,6,3,7,2,2,3
Backdoors,1,xns-idp,INT,4e-06,200,0,254,0,0,0,-,160000000.0,0.0,2,0,0,0,0,0,100,0,0,0,0.0,0.0,1421930668,1421930668,0.005,0.0,0.0,0.0,0.0,0,2,0.0,0.0,0,21,16,6,6,6,6,6
Backdoors,1,unas,INT,4e-06,200,0,254,0,0,0,-,200000000.0,0.0,2,0,0,0,0,0,100,0,0,0,0.0,0.0,1421930792,1421930792,0.004,0.0,0.0,0.0,0.0,0,2,0.0,0.0,0,6,5,3,11,2,2,3
Backdoors,1,unas,INT,4e-06,200,0,254,0,0,0,-,200000000.0,0.0,2,0,0,0,0,0,100,0,0,0,0.0,0.0,1421930772,1421930772,0.004,0.0,0.0,0.0,0.0,0,2,0.0,0.0,0,10,9,2,2,2,2,2
DoS,1,tcp,FIN,0.488667,802,1528,62,252,2,2,http,11819.91016,21888.11523,10,8,255,255,2343789910,2714696274,80,191,1,361,3088.390878,101.7295,1424254911,1424254912,54.296333,63.48743,0.102668,0.043651,0.059017,0,1,4.0,0.0, ,1,1,11,1,1,1,2
DoS,1,idrp,INT,3e-06,200,0,254,0,0,0,-,266666656.0,0.0,2,0,0,0,0,0,100,0,0,0,0.0,0.0,1424223192,1424223192,0.003,0.0,0.0,0.0,0.0,0,2,0.0,0.0, ,7,7,1,1,1,1,7
DoS,1,ospf,INT,19.888327,900,0,254,0,0,0,-,343.920349,0.0,20,0,0,0,0,0,45,0,0,0,1227.6275,0.0,1424247153,1424247173,1046.753875,0.0,0.0,0.0,0.0,0,2,0.0,0.0, ,1,1,1,1,1,1,1
DoS,1,unas,INT,6e-06,200,0,254,0,0,0,-,133333328.0,0.0,2,0,0,0,0,0,100,0,0,0,0.0,0.0,1424258862,1424258862,0.006,0.0,0.0,0.0,0.0,0,2,0.0,0.0, ,6,6,2,2,2,2,6
DoS,1,udp,INT,2e-06,2634,0,254,0,0,0,-,5268000256.0,0.0,2,0,0,0,0,0,1317,0,0,0,0.0,0.0,1421928038,1421928038,0.002,0.0,0.0,0.0,0.0,0,2,0.0,0.0,0,3,2,1,2,1,1,1
DoS,1,st2,INT,1.009548,360,0,254,0,0,0,-,2139.571533,0.0,4,0,0,0,0,0,90,0,0,0,475.900531,0.0,1424230171,1424230172,336.516,0.0,0.0,0.0,0.0,0,2,0.0,0.0, ,1,1,1,1,1,1,1
DoS,1,larp,INT,8e-06,200,0,254,0,0,0,-,100000000.0,0.0,2,0,0,0,0,0,100,0,0,0,0.0,0.0,1421930703,1421930703,0.008,0.0,0.0,0.0,0.0,0,2,0.0,0.0,0,15,12,4,7,4,4,4
DoS,1,tcp,FIN,0.260451,826,1034,62,252,2,2,http,22852.66797,27797.93555,10,8,255,255,2803532921,3926593431,83,129,1,98,1501.483818,48.35434,1424237545,1424237545,28.939,32.550285,0.080303,0.031538,0.048765,0,1,1.0,0.0, ,1,1,1,1,1,1,1
DoS,1,sctp,CON,0.163239,536,440,254,60,0,0,-,19701.17383,10781.73731,4,2,0,0,0,0,134,220,0,0,76.941703,0.0,1424231521,1424231521,54.413,0.002,0.0,0.0,0.0,0,0,0.0,0.0, ,1,1,2,1,1,1,1
DoS,1,idrp,INT,3e-06,200,0,254,0,0,0,-,266666656.0,0.0,2,0,0,0,0,0,100,0,0,0,0.0,0.0,1424223192,1424223192,0.003,0.0,0.0,0.0,0.0,0,2,0.0,0.0, ,7,7,1,1,1,1,7
DoS,1,ipcomp,INT,3e-06,200,0,254,0,0,0,-,266666656.0,0.0,2,0,0,0,0,0,100,0,0,0,0.0,0.0,1424244398,1424244398,0.003,0.0,0.0,0.0,0.0,0,2,0.0,0.0, ,9,9,6,8,4,4,13
DoS,1,irtp,INT,9e-06,200,0,254,0,0,0,-,88888888.0,0.0,2,0,0,0,0,0,100,0,0,0,0.0,0.0,1424237283,1424237283,0.009,0.0,0.0,0.0,0.0,0,2,0.0,0.0, ,13,13,4,5,4,4,13
DoS,1,argus,INT,8e-06,180,0,254,0,0,0,-,90000000.0,0.0,2,0,0,0,0,0,90,0,0,0,0.0,0.0,1424223147,1424223147,0.008,0.0,0.0,0.0,0.0,0,2,0.0,0.0, ,10,10,10,10,10,10,10
DoS,1,unas,INT,5e-06,200,0,254,0,0,0,-,160000000.0,0.0,2,0,0,0,0,0,100,0,0,0,0.0,0.0,1424258853,1424258853,0.005,0.0,0.0,0.0,0.0,0,2,0.0,0.0, ,3,3,2,3,1,1,3
DoS,1,3pc,INT,6e-06,200,0,254,0,0,0,-,133333328.0,0.0,2,0,0,0,0,0,100,0,0,0,0.0,0.0,1424230228,1424230228,0.006,0.0,0.0,0.0,0.0,0,2,0.0,0.0, ,6,6,2,2,2,2,7
DoS,1,tcp,CON,59.982727,11085528,55276,62,252,4210,6,smtp,1478320.625,7366.520508,8424,1272,255,255,2156376519,699808032,1316,43,0,0,1067.42524,68.133789,1424225004,1424225064,7.133658,47.225238,0.056349,0.006684,0.049665,0,3,0.0,0.0, ,1,1,1,10,1,1,1
DoS,1,sctp,CON,0.13358,152,82,254,60,0,0,-,4551.57959,2455.45752,2,2,0,0,0,0,76,41,0,0,0.0,0.0,1424241862,1424241863,0.003,0.007,0.0,0.0,0.0,0,0,0.0,0.0, ,1,1,1,1,1,1,1
DoS,1,tcp,FIN,0.198278,790,268,254,252,2,1,http,28686.99609,9037.81543,10,6,255,255,2703804318,600079426,79,45,1,0,1095.122916,64.70993,1424250036,1424250037,20.461889,37.883801,0.054833,0.00885,0.045983,0,1,1.0,0.0, ,2,1,1,1,1,1,1
DoS,1,unas,INT,1e-05,200,0,254,0,0,0,-,80000000.0,0.0,2,0,0,0,0,0,100,0,0,0,0.0,0.0,1424244429,1424244429,0.01,0.0,0.0,0.0,0.0,0,2,0.0,0.0, ,12,12,5,5,4,4,14
DoS,1,ospf,REQ,58.705761,16320,0,254,0,0,0,-,2186.90625,0.0,60,0,0,0,0,0,272,0,0,0,1273.60675,0.0,1424247161,1424247220,1022.608875,0.0,0.0,0.0,0.0,0,6,0.0,0.0, ,1,1,2,2,1,1,1
DoS,1,sctp,CON,32.203072,248562,1652,254,60,0,0,-,61501.71094,393.502838,250,24,0,0,0,0,994,69,0,0,190.3285,493.566937,1424253207,1424253239,129.329625,403.66975,0.0,0.0,0.0,0,0,0.0,0.0, ,1,1,1,1,1,1,1
DoS,1,tcp,FIN,0.251539,836,5950,62,252,2,3,http,23948.57422,170311.5625,10,10,255,255,3894285474,3463290301,84,595,1,2509,1509.212451,1818.435145,1424251520,1424251520,27.948778,25.434,0.05907,0.010323,0.048747,0,1,1.0,0.0, ,1,2,1,1,1,1,1
DoS,1,larp,INT,5e-06,200,0,254,0,0,0,-,160000000.0,0.0,2,0,0,0,0,0,100,0,0,0,0.0,0.0,1424223220,1424223220,0.005,0.0,0.0,0.0,0.0,0,2,0.0,0.0, ,6,6,2,11,2,2,6
DoS,1,ipv6,INT,2e-06,200,0,254,0,0,0,-,400000000.0,0.0,2,0,0,0,0,0,100,0,0,0,0.0,0.0,1424223189,1424223189,0.002,0.0,0.0,0.0,0.0,0,2,0.0,0.0, ,4,4,1,1,1,1,4
DoS,1,unas,INT,6e-06,200,0,254,0,0,0,-,133333328.0,0.0,2,0,0,0,0,0,100,0,0,0,0.0,0.0,1424237366,1424237366,0.006,0.0,0.0,0.0,0.0,0,2,0.0,0.0, ,5,5,1,2,1,1,5
DoS,1,unas,INT,9e-06,200,0,254,0,0,0,-,88888888.0,0.0,2,0,0,0,0,0,100,0,0,0,0.0,0.0,1424251702,1424251702,0.009,0.0,0.0,0.0,0.0,0,2,0.0,0.0, ,1,1,1,1,1,1,1
DoS,1,crudp,INT,9e-06,200,0,254,0,0,0,-,88888888.0,0.0,2,0,0,0,0,0,100,0,0,0,0.0,0.0,1424251650,1424251650,0.009,0.0,0.0,0.0,0.0,0,2,0.0,0.0, ,6,6,3,4,3,3,6
DoS,1,qnx,INT,8e-06,200,0,254,0,0,0,-,100000000.0,0.0,2,0,0,0,0,0,100,0,0,0,0.0,0.0,1424258824,1424258824,0.008,0.0,0.0,0.0,0.0,0,2,0.0,0.0, ,7,7,3,4,3,3,8
DoS,1,unas,INT,6e-06,200,0,254,0,0,0,-,133333328.0,0.0,2,0,0,0,0,0,100,0,0,0,0.0,0.0,1424223256,1424223256,0.006,0.0,0.0,0.0,0.0,0,2,0.0,0.0, ,5,5,1,15,1,1,5
DoS,1,tcp,FIN,0.273279,882,1006,62,252,2,2,http,23243.64453,25790.49219,10,8,255,255,494888960,3990311434,88,126,1,78,1505.407316,54.068688,1424226973,1424226974,30.364333,37.65757,0.060913,0.008997,0.051916,0,1,1.0,0.0, ,1,1,1,1,1,1,1
DoS,1,sdrp,INT,9e-06,200,0,254,0,0,0,-,88888888.0,0.0,2,0,0,0,0,0,100,0,0,0,0.0,0.0,1424244375,1424244375,0.009,0.0,0.0,0.0,0.0,0,2,0.0,0.0, ,5,5,2,2,2,2,5
DoS,1,unas,INT,7e-06,200,0,254,0,0,0,-,114285712.0,0.0,2,0,0,0,0,0,100,0,0,0,0.0,0.0,1424244438,1424244438,0.007,0.0,0.0,0.0,0.0,0,2,0.0,0.0, ,9,9,4,4,3,3,12
DoS,1,sctp,INT,9e-06,104,0,254,0,0,0,-,46222220.0,0.0,2,0,0,0,0,0,52,0,0,0,0.0,0.0,1424261428,1424261428,0.009,0.0,0.0,0.0,0.0,0,2,0.0,0.0, ,2,2,2,2,2,2,2
DoS,1,unas,INT,6e-06,200,0,254,0,0,0,-,133333328.0,0.0,2,0,0,0,0,0,100,0,0,0,0.0,0.0,1424244419,1424244419,0.006,0.0,0.0,0.0,0.0,0,2,0.0,0.0, ,8,8,2,2,2,2,13
DoS,1,unas,INT,5e-06,200,0,254,0,0,0,-,160000000.0,0.0,2,0,0,0,0,0,100,0,0,0,0.0,0.0,1424258847,1424258847,0.005,0.0,0.0,0.0,0.0,0,2,0.0,0.0, ,5,5,2,4,2,2,5
DoS,1,unas,INT,4e-06,200,0,254,0,0,0,-,200000000.0,0.0,2,0,0,0,0,0,100,0,0,0,0.0,0.0,1424230440,1424230440,0.004,0.0,0.0,0.0,0.0,0,2,0.0,0.0, ,4,4,1,1,1,1,4
DoS,1,unas,INT,9e-06,200,0,254,0,0,0,-,88888888.0,0.0,2,0,0,0,0,0,100,0,0,0,0.0,0.0,1424230335,1424230335,0.009,0.0,0.0,0.0,0.0,0,2,0.0,0.0, ,2,2,3,27,1,1,2
DoS,1,tcp,FIN,1.94256,2837,1760,62,252,8,8,smtp,11156.41211,6885.759277,22,20,255,255,812327438,4013074753,129,88,0,0,4484.384293,122.355836,1424244950,1424244952,92.502856,94.376367,0.130663,0.090797,0.039866,0,1,0.0,0.0, ,1,1,2,1,1,1,1
DoS,1,ospf,INT,1.586461,2858,0,254,0,0,0,-,13615.21094,0.0,18,0,0,0,0,0,159,0,0,0,171.851906,0.0,1424250061,1424250063,93.321234,0.0,0.0,0.0,0.0,0,2,0.0,0.0, ,1,1,1,1,1,1,1
DoS,1,unas,INT,8e-06,200,0,254,0,0,0,-,100000000.0,0.0,2,0,0,0,0,0,100,0,0,0,0.0,0.0,1424223266,1424223266,0.008,0.0,0.0,0.0,0.0,0,2,0.0,0.0, ,5,5,2,2,2,2,5
DoS,1,unas,INT,9e-06,200,0,254,0,0,0,-,88888888.0,0.0,2,0,0,0,0,0,100,0,0,0,0.0,0.0,1424237367,1424237367,0.009,0.0,0.0,0.0,0.0,0,2,0.0,0.0, ,6,6,2,3,2,2,6
DoS,1,vmtp,INT,7e-06,200,0,254,0,0,0,-,114285712.0,0.0,2,0,0,0,0,0,100,0,0,0,0.0,0.0,1424251627,1424251627,0.007,0.0,0.0,0.0,0.0,0,2,0.0,0.0, ,5,5,3,3,3,3,5
DoS,1,unas,INT,8e-06,200,0,254,0,0,0,-,100000000.0,0.0,2,0,0,0,0,0,100,0,0,0,0.0,0.0,1424223285,1424223285,0.008,0.0,0.0,0.0,0.0,0,2,0.0,0.0, ,7,7,2,5,2,2,7
DoS,1,unas,INT,3e-06,200,0,254,0,0,0,-,72727272.0,0.0,2,0,0,0,0,0,100,0,0,0,0.0,0.0,1421930726,1421930726,0.011,0.0,0.0,0.0,0.0,0,2,0.0,0.0,0,15,14,8,8,8,8,8
DoS,1,tcp,FIN,0.391989,816,1246,254,252,2,2,http,15000.4209,22265.93164,10,8,255,255,4050032678,2209793671,82,156,1,206,2184.541323,69.675516,1424240456,1424240457,43.554333,48.859715,0.126317,0.049191,0.077126,0,1,1.0,0.0, ,1,1,1,1,1,1,1
DoS,1,tcp,FIN,0.993077,43337,2052,254,252,22,8,smtp,342136.625,15845.7002,50,24,255,255,4163146018,1013640579,867,86,0,0,1421.774125,50.792246,1424241405,1424241406,20.266878,42.756609,0.057601,0.009033,0.048568,0,1,0.0,0.0, ,1,1,1,1,1,1,1
DoS,1,unas,INT,3e-06,200,0,254,0,0,0,-,266666656.0,0.0,2,0,0,0,0,0,100,0,0,0,0.0,0.0,1424251671,1424251671,0.003,0.0,0.0,0.0,0.0,0,2,0.0,0.0, ,4,4,3,3,3,3,4
DoS,1,fc,INT,9e-06,200,0,254,0,0,0,-,88888888.0,0.0,2,0,0,0,0,0,100,0,0,0,0.0,0.0,1424251654,1424251654,0.009,0.0,0.0,0.0,0.0,0,2,0.0,0.0, ,4,4,2,2,2,2,4
DoS,1,ddp,INT,5e-06,200,0,254,0,0,0,-,160000000.0,0.0,2,0,0,0,0,0,100,0,0,0,0.0,0.0,1421930676,1421930676,0.005,0.0,0.0,0.0,0.0,0,2,0.0,0.0,0,23,18,6,8,6,6,6
DoS,1,unas,INT,8e-06,200,0,254,0,0,0,-,100000000.0,0.0,2,0,0,0,0,0,100,0,0,0,0.0,0.0,1424237423,1424237423,0.008,0.0,0.0,0.0,0.0,0,2,0.0,0.0, ,6,6,1,1,1,1,6
DoS,1,tcp,FIN,0.867884,44141,1800,62,252,23,8,smtp,399067.1563,15900.74316,52,24,255,255,607551467,3518224743,849,75,0,0,1259.24266,44.47959,1424221617,1424221617,17.017334,37.211695,0.056525,0.008483,0.048042,0,1,0.0,0.0, ,1,1,1,1,1,1,1
DoS,1,unas,INT,5e-06,200,0,254,0,0,0,-,160000000.0,0.0,2,0,0,0,0,0,100,0,0,0,0.0,0.0,1424223257,1424223257,0.005,0.0,0.0,0.0,0.0,0,2,0.0,0.0, ,5,5,2,1,1,1,5
DoS,1,ospf,REQ,55.8241,2808,0,254,0,0,0,-,386.929657,0.0,26,0,0,0,0,0,108,0,0,0,2599.63525,0.0,1424249467,1424249523,2338.3325,0.0,0.0,0.0,0.0,0,6,0.0,0.0, ,1,1,1,1,1,1,2
DoS,1,sccopmce,INT,4e-06,200,0,254,0,0,0,-,200000000.0,0.0,2,0,0,0,0,0,100,0,0,0,0.0,0.0,1424237359,1424237359,0.004,0.0,0.0,0.0,0.0,0,2,0.0,0.0, ,5,5,2,24,2,2,5
DoS,1,unas,INT,9e-06,200,0,254,0,0,0,-,88888888.0,0.0,2,0,0,0,0,0,100,0,0,0,0.0,0.0,1424258883,1424258883,0.009,0.0,0.0,0.0,0.0,0,2,0.0,0.0, ,7,7,3,4,3,3,7
Exploits,1,tcp,FIN,1.480091,14100,898,254,252,7,2,-,72400.95313,4372.704102,20,10,255,255,303701011,4279422753,705,90,0,0,6057.637887,240.684891,1424249541,1424249543,77.826734,154.817,0.153455,0.086737,0.066718,0,1,0.0,0.0, ,3,1,1,2,1,1,1
Exploits,1,tcp,FIN,0.247326,830,9550,62,252,2,5,http,24162.44141,286844.0938,10,14,255,255,4215176717,493921752,83,682,1,4236,1466.345429,1616.668436,1424244636,1424244636,27.480667,18.230078,0.029362,0.00978,0.019582,0,1,1.0,0.0, ,1,1,1,1,1,1,1
Exploits,1,igp,INT,8e-06,180,0,254,0,0,0,-,90000000.0,0.0,2,0,0,0,0,0,90,0,0,0,0.0,0.0,1424230194,1424230194,0.008,0.0,0.0,0.0,0.0,0,2,0.0,0.0, ,10,10,9,9,9,9,10
Exploits,1,tcp,FIN,2.029767,450,8890,62,252,1,4,ftp-data,1596.24231,32121.91211,10,12,255,255,3649486787,4259136829,45,741,0,0,18267.68806,14768.78765,1424225957,1424225959,225.529667,173.477368,0.126477,0.064817,0.06166,0,1,0.0,0.0, ,1,1,2,3,1,1,2
Exploits,1,ospf,INT,0.418145,1040,0,254,0,0,0,-,18902.5332,0.0,20,0,0,0,0,0,52,0,0,0,23.64459,0.0,1424248406,1424248406,22.007631,0.0,0.0,0.0,0.0,0,2,0.0,0.0, ,1,1,1,1,1,1,1
Exploits,1,swipe,INT,4e-05,60,0,0,0,0,0,-,0.0,0.0,1,0,0,0,0,0,60,0,0,0,0.0,0.0,1424228348,1424228348,0.0,0.0,0.0,0.0,0.0,0,2,0.0,0.0, ,3,3,3,3,3,3,3
Exploits,1,tcp,FIN,0.621297,1374,354,254,252,2,1,-,15927.96973,3991.649658,10,8,255,255,2233136587,922752995,137,44,0,0,4142.756429,150.816703,1424245828,1424245829,65.748111,82.995711,0.116449,0.040318,0.076131,0,1,0.0,0.0, ,1,1,1,1,1,1,1
Exploits,1,tcp,FIN,0.260854,806,1638,62,252,2,2,http,22265.32813,43978.625,10,8,255,255,49326628,724696486,81,205,0,0,1602.92451,58.620832,1424234202,1424234202,28.983778,34.50257,0.064601,0.009569,0.055032,0,1,0.0,0.0, ,2,1,1,1,1,1,1
Exploits,1,tcp,FIN,6.51571,8280,2658,254,252,8,7,-,9704.544922,3101.427246,22,20,255,255,3359703303,1751705114,376,133,0,0,28286.63639,931.697437,1421933940,1421933947,310.271914,338.52725,0.192734,0.082724,0.11001,0,1,0.0,0.0,0,2,3,2,1,1,1,1
Exploits,1,tcp,FIN,0.346833,948,18608,62,252,2,8,http,20044.22852,407758.2188,12,20,255,255,2522925980,754004835,79,930,1,0,1572.321735,1216.984075,1421930562,1421930563,31.530274,14.303684,0.067369,0.038094,0.029275,0,1,1.0,0.0,0,1,1,1,1,1,1,1
Exploits,1,pgm,INT,8e-06,200,0,254,0,0,0,-,100000000.0,0.0,2,0,0,0,0,0,100,0,0,0,0.0,0.0,1421930714,1421930714,0.008,0.0,0.0,0.0,0.0,0,2,0.0,0.0,0,14,13,4,11,4,4,4
Exploits,1,unas,INT,9e-06,200,0,254,0,0,0,-,88888888.0,0.0,2,0,0,0,0,0,100,0,0,0,0.0,0.0,1424230326,1424230326,0.009,0.0,0.0,0.0,0.0,0,2,0.0,0.0, ,4,4,2,2,2,2,4
Exploits,1,tcp,FIN,0.775036,1190,41154,62,252,6,21,-,11725.90723,415567.8125,22,46,255,255,1885031150,574221355,54,895,0,0,1817.378278,1253.289325,1424257881,1424257882,36.906477,17.047956,0.052989,0.007192,0.045797,0,1,0.0,0.0, ,1,1,1,1,1,1,1
Exploits,1,tcp,FIN,0.651705,762,2666,62,252,2,2,http,8420.987305,28638.72266,10,8,255,255,2267253708,807887659,76,333,1,912,3722.072682,107.004773,1424261316,1424261317,72.411667,84.62543,0.100469,0.05778,0.042689,0,1,1.0,0.0, ,1,1,1,1,1,1,1
Exploits,1,unas,INT,4e-06,200,0,254,0,0,0,-,200000000.0,0.0,2,0,0,0,0,0,100,0,0,0,0.0,0.0,1424251694,1424251694,0.004,0.0,0.0,0.0,0.0,0,2,0.0,0.0, ,1,1,1,1,1,1,1
Exploits,1,tcp,FIN,2.316066,1152,39740,62,252,7,21,pop3,3813.362793,134286.3281,24,46,255,255,1504991563,646486176,48,864,0,0,6775.667871,4528.186145,1424224047,1424224050,100.698524,49.544,0.181911,0.085939,0.095972,0,1,0.0,0.0, ,1,1,2,1,1,1,1
Exploits,1,ipcomp,INT,7e-06,200,0,254,0,0,0,-,114285712.0,0.0,2,0,0,0,0,0,100,0,0,0,0.0,0.0,1421930712,1421930712,0.007,0.0,0.0,0.0,0.0,0,2,0.0,0.0,0,14,13,5,5,5,5,5
Exploits,1,tcp,FIN,2.458184,1526,268,254,252,6,1,http,4611.53418,728.993408,14,6,255,255,3288736187,4259650472,109,45,1,0,19067.53493,933.860437,1421927664,1421927666,187.919841,485.748406,0.076545,0.029436,0.047109,0,1,1.0,0.0,0,1,1,1,3,1,1,1
Exploits,1,tcp,FIN,0.620247,682,768,62,252,2,2,ssl,7919.425781,8667.514648,10,8,255,255,792273755,3195409116,68,96,0,0,3751.245645,148.139563,1424242623,1424242623,68.916333,81.373859,0.135099,0.05008,0.085019,0,1,0.0,0.0, ,1,1,1,1,1,1,1
Exploits,1,tcp,FIN,0.220222,726,268,254,252,2,1,-,23757.8457,8137.243652,10,6,255,255,2776991972,1331886685,73,45,0,0,1609.341644,74.378422,1424260663,1424260663,23.577889,42.046801,0.044337,0.009985,0.034352,0,1,0.0,0.0, ,1,1,1,1,1,1,1
Exploits,1,tcp,FIN,2.036065,1056,4134,62,252,7,9,pop3,3960.580566,15567.28223,22,24,255,255,2710545951,2200263549,48,172,0,0,5340.796017,4931.687576,1424260395,1424260397,96.955476,84.727434,0.138299,0.057623,0.080676,0,1,0.0,0.0, ,1,1,1,13,1,1,1
Exploits,1,tcp,FIN,2.469959,10376,354,254,252,8,1,-,31741.41797,1004.065247,18,8,255,255,2543932909,24522310,576,44,0,0,16887.45216,701.589,1424254759,1424254761,145.291711,344.217719,0.104017,0.059698,0.044319,0,1,0.0,0.0, ,1,1,2,2,1,1,2
Exploits,1,tcp,FIN,0.619564,878,1242,62,252,2,2,http,10213.63379,14035.67676,10,8,255,255,123572685,480595738,88,155,1,197,3387.454464,126.805984,1424238424,1424238424,68.840444,77.90743,0.169834,0.073516,0.096318,0,1,1.0,0.0, ,2,1,2,2,1,1,1
Exploits,1,secure-vmtp,INT,1e-05,200,0,254,0,0,0,-,133333328.0,0.0,2,0,0,0,0,0,100,0,0,0,0.0,0.0,1421930697,1421930697,0.006,0.0,0.0,0.0,0.0,0,2,0.0,0.0,0,12,12,2,2,2,2,2
Exploits,1,tcp,FIN,0.651556,824,1326,62,252,2,2,http,9110.498047,14255.10547,10,8,255,255,357619792,4267661112,82,166,1,253,3564.47586,109.036664,1424239612,1424239613,72.395111,72.939289,0.220988,0.140194,0.080794,0,1,1.0,0.0, ,1,1,1,1,1,1,3
Exploits,1,tcp,FIN,6.742151,419585,3798,62,252,164,8,smtp,496374.5313,4442.499512,334,70,255,255,3268623951,1878027326,1256,54,0,0,2540.809414,146.115469,1424240081,1424240087,20.304566,96.085305,0.240029,0.11226,0.127769,0,1,0.0,0.0, ,1,1,1,26,1,1,1
Exploits,1,swipe,INT,7e-06,200,0,254,0,0,0,-,114285712.0,0.0,2,0,0,0,0,0,100,0,0,0,0.0,0.0,1424223198,1424223198,0.007,0.0,0.0,0.0,0.0,0,2,0.0,0.0, ,5,5,3,3,3,3,5
Exploits,1,tcp,FIN,1.777972,1158,1650,62,252,7,9,ftp,4976.456543,7086.726074,22,22,255,255,2938205372,2458358514,53,75,0,0,4334.2286,4851.681728,1424236826,1424236827,84.665335,81.908902,0.111589,0.057118,0.054471,0,1,0.0,1.0,1,1,1,2,3,1,1,3
Exploits,1,tcp,FIN,0.637763,364,3754,62,252,1,3,ftp-data,4001.486328,42385.64844,8,10,255,255,1505436525,2919390296,46,375,0,0,5958.843748,4998.613958,1424232504,1424232505,90.978859,64.742222,0.114428,0.055082,0.059346,0,1,0.0,0.0, ,2,1,2,2,1,1,2
Exploits,1,sdrp,INT,4e-06,200,0,254,0,0,0,-,200000000.0,0.0,2,0,0,0,0,0,100,0,0,0,0.0,0.0,1421930678,1421930678,0.004,0.0,0.0,0.0,0.0,0,2,0.0,0.0,0,23,18,8,8,8,8,8
Exploits,1,tcp,FIN,0.832064,894,268,254,252,2,1,http,7739.789551,2153.680664,10,6,255,255,1931534574,3948937966,89,45,1,0,5675.061749,273.708281,1424252804,1424252805,92.283556,149.263203,0.132758,0.085733,0.047025,0,1,1.0,0.0, ,2,2,2,2,2,1,1
Exploits,1,unas,INT,9e-06,200,0,254,0,0,0,-,88888888.0,0.0,2,0,0,0,0,0,100,0,0,0,0.0,0.0,1424230422,1424230422,0.009,0.0,0.0,0.0,0.0,0,2,0.0,0.0, ,3,3,1,21,1,1,3
Exploits,1,tcp,FIN,0.189933,736,692,62,252,2,2,-,27925.63672,25524.79102,10,8,255,255,1337702997,2316242497,74,87,0,0,1095.573955,41.880383,1421930201,1421930201,21.103667,24.361143,0.032762,0.01875,0.014012,0,1,0.0,0.0,0,2,1,1,1,1,1,1
Exploits,1,fire,INT,7e-06,200,0,254,0,0,0,-,114285712.0,0.0,2,0,0,0,0,0,100,0,0,0,0.0,0.0,1424244404,1424244404,0.007,0.0,0.0,0.0,0.0,0,2,0.0,0.0, ,8,8,6,6,5,5,10
Exploits,1,tcp,FIN,1.722583,1502,142343,62,252,2,55,http,6710.852051,655271.75,26,114,255,255,4190745156,1174782733,58,1249,1,68612,3281.044986,1629.495123,1424246806,1424246808,68.903323,14.487929,0.139121,0.061772,0.077349,0,1,1.0,0.0, ,2,1,1,1,1,1,1
Exploits,1,tcp,FIN,0.292802,834,972,62,252,2,2,http,20518.98438,23251.20703,10,8,255,255,815819301,2198797888,83,122,0,0,1624.00712,57.82307,1424234320,1424234320,32.533556,40.108,0.061652,0.011392,0.05026,0,1,0.0,0.0, ,1,1,1,1,1,1,1
Exploits,1,tcp,FIN,0.688778,1044,32326,62,252,7,18,pop3,11579.92871,366074.4063,22,40,255,255,3930827144,2882579962,47,808,0,0,1751.294646,1262.030136,1424219925,1424219926,32.798951,17.076435,0.054245,0.02219,0.032055,0,1,0.0,0.0, ,1,1,1,1,1,1,1
Exploits,1,ospf,INT,30.050091,1280,0,254,0,0,0,-,323.726135,0.0,20,0,0,0,0,0,64,0,0,0,1876.1445,0.0,1424256055,1424256086,1581.583625,0.0,0.0,0.0,0.0,0,2,0.0,0.0, ,1,1,1,1,1,1,1
Exploits,1,tcp,FIN,0.559693,1100,268,254,252,2,1,http,14150.61523,3201.755371,10,6,255,255,329612970,3881168028,110,45,1,0,3137.358976,163.494844,1424247387,1424247388,60.637444,98.601602,0.170912,0.066673,0.104239,0,1,1.0,0.0, ,2,1,1,1,1,1,1
Exploits,1,tcp,FIN,0.589064,1468,354,254,252,2,1,-,17953.90625,4210.068848,10,8,255,255,1015514926,3011982306,147,44,0,0,4013.96754,136.554234,1421928894,1421928895,61.767444,74.365859,0.141884,0.068498,0.073386,0,1,0.0,0.0,0,2,1,1,1,1,1,1
Exploits,1,tcp,FIN,0.593034,1658,354,254,252,2,1,http,20140.49609,4181.884766,10,8,255,255,282588448,3831412434,166,44,1,0,3779.820058,126.940852,1424225980,1424225981,60.963778,76.157711,0.109505,0.059924,0.049581,0,1,1.0,0.0, ,1,1,1,1,1,1,1
Exploits,1,tcp,FIN,3.620045,1238,58338,62,252,7,28,pop3,2632.011475,126844.8359,26,62,255,255,3092442952,1806754602,48,941,0,0,9898.309111,6255.279528,1424238152,1424238155,144.801795,59.037968,0.234876,0.077436,0.15744,0,1,0.0,0.0, ,1,1,1,1,1,1,1
Exploits,1,any,INT,7e-06,200,0,254,0,0,0,-,114285712.0,0.0,2,0,0,0,0,0,100,0,0,0,0.0,0.0,1424258807,1424258807,0.007,0.0,0.0,0.0,0.0,0,2,0.0,0.0, ,4,4,3,4,3,3,4
Exploits,1,tcp,FIN,5.267483,1272,1606,62,252,7,9,ftp,1851.358521,2328.246582,24,22,255,255,3837891247,2590036289,53,73,0,0,15798.06891,509.52575,1424227778,1424227783,229.020997,245.776672,0.153493,0.084022,0.069471,0,1,0.0,1.0,1,1,1,3,2,1,1,2
Exploits,1,tcp,FIN,0.451675,878,268,254,252,2,1,http,14010.07324,3967.45459,10,6,255,255,2749594645,102217920,88,45,1,0,2574.910143,133.401906,1421930523,1421930523,50.078889,78.772602,0.118344,0.057809,0.060535,0,1,1.0,0.0,0,2,1,1,2,1,1,1
Exploits,1,tcp,CON,59.813492,6035658,30702,62,252,2225,0,smtp,807082.375,4100.613281,4450,714,255,255,481126763,2741930220,1356,43,0,0,1681.601135,96.345398,1424256531,1424256591,13.495955,84.624484,0.193411,0.08983,0.103581,0,3,0.0,0.0, ,1,1,1,1,1,1,1
Exploits,1,wsn,INT,1e-05,200,0,254,0,0,0,-,80000000.0,0.0,2,0,0,0,0,0,100,0,0,0,0.0,0.0,1424251624,1424251624,0.01,0.0,0.0,0.0,0.0,0,2,0.0,0.0, ,4,4,1,1,1,1,4
Exploits,1,tcp,FIN,0.371573,816,1328,62,252,2,2,http,15824.61621,25017.96484,10,8,255,255,2168645437,1653941747,82,166,1,257,2237.821057,67.509672,1424231838,1424231838,41.285889,40.544715,0.083976,0.064556,0.01942,0,1,1.0,0.0, ,1,1,1,1,1,1,1
Exploits,1,tcp,FIN,0.47379,890,268,254,252,2,1,http,13524.97949,3782.266602,10,6,255,255,3463554861,1285535221,89,45,0,0,2788.441912,126.058492,1424241923,1424241923,50.695889,82.572203,0.154408,0.060927,0.093481,0,1,0.0,0.0, ,1,1,1,1,1,1,1
Exploits,1,sun-nd,INT,9e-06,60,0,0,0,0,0,-,0.0,0.0,1,0,0,0,0,0,60,0,0,0,0.0,0.0,1424256862,1424256862,0.0,0.0,0.0,0.0,0.0,0,2,0.0,0.0, ,4,4,3,3,3,3,4
Exploits,1,tcp,FIN,7.041196,489428,3122,254,252,184,2,-,554587.625,3498.269287,374,72,255,255,2063128419,2901123703,1309,43,0,0,2190.636316,118.943648,1424241512,1424241519,18.927732,97.962336,0.185802,0.085864,0.099938,0,1,0.0,0.0, ,5,1,1,1,1,1,1
Exploits,1,tcp,FIN,1.2769,1170,1648,62,252,7,9,ftp,6998.198242,9861.382812,22,22,255,255,3248710754,175236209,53,75,0,0,3215.729356,3700.595158,1421929090,1421929091,60.804761,60.366668,0.053477,0.008509,0.044968,0,1,0.0,1.0,1,1,1,2,2,1,1,2
Exploits,1,unas,INT,9e-06,200,0,254,0,0,0,-,88888888.0,0.0,2,0,0,0,0,0,100,0,0,0,0.0,0.0,1424251690,1424251690,0.009,0.0,0.0,0.0,0.0,0,2,0.0,0.0, ,2,2,2,2,2,2,2
Exploits,1,sm,INT,3e-06,200,0,254,0,0,0,-,266666656.0,0.0,2,0,0,0,0,0,100,0,0,0,0.0,0.0,1424237355,1424237355,0.003,0.0,0.0,0.0,0.0,0,2,0.0,0.0, ,5,5,1,1,1,1,5
Exploits,1,tcp,FIN,0.494914,884,268,254,252,2,1,http,12866.88184,3620.831055,10,6,255,255,3956321499,4043467609,88,45,1,0,2822.360864,147.143141,1424247742,1424247742,54.974556,86.781398,0.136524,0.061006,0.075518,0,1,1.0,0.0, ,2,1,1,1,1,1,1
Fuzzers,1,tcp,FIN,2.7097,756,354,254,252,2,1,-,2010.554565,915.230408,10,8,255,255,178590297,1971564520,76,44,0,0,17993.94193,588.398063,1424245370,1424245373,290.797,371.250437,0.170934,0.110945,0.059989,0,1,0.0,0.0, ,10,3,1,2,1,1,3
Fuzzers,1,unas,INT,3e-06,200,0,254,0,0,0,-,266666656.0,0.0,2,0,0,0,0,0,100,0,0,0,0.0,0.0,1421930729,1421930729,0.003,0.0,0.0,0.0,0.0,0,2,0.0,0.0,0,12,12,4,4,4,4,4
Fuzzers,1,tcp,FIN,1.729994,3026,806,254,252,3,2,-,12827.79004,3357.237061,12,10,255,255,2258499388,3573377173,252,81,0,0,9115.317391,296.991281,1424220424,1424220425,153.009452,180.628219,0.264514,0.104339,0.160175,0,1,0.0,0.0, ,2,2,1,1,1,1,2
Fuzzers,1,tcp,FIN,0.464684,566,268,254,252,2,1,http,8780.160156,3856.384033,10,6,255,255,2100627177,2016245357,57,45,0,0,2355.367941,100.064977,1424234265,1424234265,45.111222,72.962602,0.155371,0.099862,0.055509,0,1,0.0,0.0, ,5,5,1,1,1,1,5
Fuzzers,1,tcp,FIN,2.614482,906,768,254,252,4,4,ftp,2600.897705,2184.75415,16,14,255,255,711932359,969225475,57,55,0,0,9242.344454,262.261406,1424248777,1424248779,174.298798,193.772469,0.146248,0.094725,0.051523,0,1,0.0,0.0, ,2,2,1,1,1,1,2
Fuzzers,1,udp,INT,31.970629,2128,0,254,0,0,0,-,399.366547,0.0,4,0,0,0,0,0,532,0,0,0,15071.083,0.0,1424258223,1424258255,10656.877,0.0,0.0,0.0,0.0,0,2,0.0,0.0, ,10,8,6,6,6,1,8
Fuzzers,1,tcp,FIN,0.43732,1010,762,254,252,3,2,-,16939.54102,12201.5918,12,8,255,255,1900838805,1733903186,84,95,0,0,1991.25365,77.394867,1424225176,1424225176,37.765638,58.51443,0.054955,0.027713,0.027242,0,1,0.0,0.0, ,4,4,2,2,2,1,4
Fuzzers,1,udp,INT,5e-06,104,0,254,0,0,0,-,83200000.0,0.0,2,0,0,0,0,0,52,0,0,0,0.0,0.0,1424245482,1424245482,0.005,0.0,0.0,0.0,0.0,0,2,0.0,0.0, ,11,11,7,29,7,1,11
Fuzzers,1,tcp,FIN,0.48632,2530,268,254,252,2,1,-,37456.82031,3684.81665,10,6,255,255,1998522152,538247645,253,45,0,0,2781.810709,121.998586,1424234270,1424234271,51.769111,83.284398,0.14757,0.069895,0.077675,0,1,0.0,0.0, ,3,3,1,1,1,1,3
Fuzzers,1,tcp,FIN,0.922167,17784,860,254,252,8,2,-,147270.5,6714.619141,22,10,255,255,4081310619,2407785457,808,86,0,0,3636.689756,213.119719,1421933947,1421933948,43.871809,95.035336,0.176275,0.066846,0.109429,0,1,0.0,0.0,0,3,4,1,1,1,1,1
Fuzzers,1,tcp,FIN,0.930547,552,268,254,252,2,1,-,4272.755859,1925.749023,10,6,255,255,1745630004,2596013313,55,45,0,0,4934.056633,238.094266,1424248970,1424248971,94.850778,160.693594,0.273458,0.127076,0.146382,0,1,0.0,0.0, ,3,2,1,1,1,1,2
Fuzzers,1,tcp,FIN,50.525906,1068,622,254,252,6,1,-,160.709641,91.51741,20,14,255,255,2854898758,791796789,53,44,0,0,352610.6751,12921.752,1424233219,1424233269,2659.256,3881.7015,0.164102,0.063776,0.100326,0,1,0.0,0.0, ,2,2,2,2,2,2,2
Fuzzers,1,tcp,FIN,0.987363,790,268,254,252,2,1,-,5760.799316,1814.935425,10,6,255,255,1743145223,3743120257,79,45,0,0,6005.543266,292.740313,1421928849,1421928850,105.627333,176.952203,0.188331,0.102596,0.085735,0,1,0.0,0.0,0,4,3,2,3,2,1,2
Fuzzers,1,tcp,FIN,1.042287,17874,842,254,252,8,2,-,131480.1094,5817.975098,24,10,255,255,403261172,1639074199,745,84,0,0,3417.935168,156.530141,1424241530,1424241531,42.164783,106.262336,0.157212,0.085921,0.071291,0,1,0.0,0.0, ,3,3,1,2,1,1,3
Fuzzers,1,unas,INT,6e-06,200,0,254,0,0,0,-,133333328.0,0.0,2,0,0,0,0,0,100,0,0,0,0.0,0.0,1424251674,1424251674,0.006,0.0,0.0,0.0,0.0,0,2,0.0,0.0, ,5,5,4,4,4,4,5
Fuzzers,1,tcp,FIN,3.079511,17884,890,254,252,14,2,-,44523.95313,2119.817139,24,12,255,255,3045092967,3919014399,745,74,0,0,468297.1782,19994.42,1424248733,1424248736,3149.759999,6299.4945,0.171047,0.084046,0.087001,0,1,0.0,0.0, ,8,2,2,4,3,2,2
Fuzzers,1,tcp,FIN,2.933331,550,354,254,252,2,1,-,1350.001099,845.4552,10,8,255,255,3474590247,705526811,55,44,0,0,20398.94851,606.68,1424244989,1424244992,322.007778,406.661719,0.166118,0.086696,0.079422,0,1,0.0,0.0, ,6,3,1,1,1,1,3
Fuzzers,1,tcp,FIN,1.420155,68191,612,254,252,27,1,http,377733.4063,3205.283936,60,14,255,255,3809819116,4075773461,1137,44,0,0,2266.464221,132.893344,1421928063,1421928065,24.052814,102.947383,0.251656,0.081829,0.169827,0,1,0.0,0.0,0,4,2,1,1,1,1,1
Fuzzers,1,tcp,FIN,0.96605,2516,354,254,252,2,1,-,18756.79297,2567.154785,10,8,255,255,3181430379,3311984758,252,44,0,0,6167.769512,221.885281,1424225717,1424225718,107.228889,124.832859,0.158303,0.092213,0.06609,0,1,0.0,0.0, ,5,2,1,1,1,1,2
Fuzzers,1,tcp,FIN,1.315029,68197,612,254,252,27,1,http,407966.6563,3461.520508,60,14,255,255,3741008556,4113924620,1137,44,0,0,2121.55632,116.112586,1424241638,1424241640,21.746322,87.544922,0.270009,0.176939,0.09307,0,1,0.0,0.0, ,2,2,1,2,1,1,2
Fuzzers,1,tcp,FIN,0.81322,534,268,254,252,2,0,-,4731.806641,2203.585693,10,6,255,255,951460155,1707904009,53,45,0,0,672865.4498,25094.2,1424258873,1424258874,6807.8783,11347.495,0.098307,0.041619,0.056688,0,1,0.0,0.0, ,4,4,4,6,4,4,4
Fuzzers,1,udp,INT,3e-06,78,0,254,0,0,0,-,104000000.0,0.0,2,0,0,0,0,0,39,0,0,0,0.0,0.0,1424249826,1424249826,0.003,0.0,0.0,0.0,0.0,0,2,0.0,0.0, ,12,4,1,4,4,1,4
Fuzzers,1,udp,INT,9e-06,1064,0,254,0,0,0,-,472888864.0,0.0,2,0,0,0,0,0,532,0,0,0,0.0,0.0,1424249543,1424249543,0.009,0.0,0.0,0.0,0.0,0,2,0.0,0.0, ,2,2,2,1,1,1,1
Fuzzers,1,tcp,FIN,0.919335,534,268,254,252,2,1,-,4185.634277,1949.234985,10,6,255,255,993202587,2953477049,53,45,0,0,5814.713596,277.581031,1424261821,1424261822,102.148333,153.322797,0.139941,0.071855,0.068086,0,1,0.0,0.0, ,3,3,2,4,2,1,3
Fuzzers,1,tcp,FIN,1.278969,588,354,254,252,2,1,-,3315.170166,1939.061768,10,8,255,255,738036775,385666516,59,44,0,0,7990.523122,240.907266,1424237477,1424237478,133.756778,173.083859,0.156095,0.067373,0.088722,0,1,0.0,0.0, ,2,3,1,1,1,1,2
Fuzzers,1,udp,INT,9e-06,226,0,254,0,0,0,-,100444440.0,0.0,2,0,0,0,0,0,113,0,0,0,0.0,0.0,1424260535,1424260535,0.009,0.0,0.0,0.0,0.0,0,2,0.0,0.0, ,2,2,3,3,2,1,2
Fuzzers,1,udp,INT,1.1e-05,2992,0,254,0,0,0,-,1088000000.0,0.0,2,0,0,0,0,0,1496,0,0,0,0.0,0.0,1424239715,1424239715,0.011,0.0,0.0,0.0,0.0,0,2,0.0,0.0, ,2,2,1,1,1,1,2
Fuzzers,1,sctp,CON,1.227135,568,432,254,60,0,0,-,2777.200684,1408.158081,4,2,0,0,0,0,142,216,0,0,578.47275,0.0,1424261084,1424261086,409.045,0.008,0.0,0.0,0.0,0,0,0.0,0.0, ,2,2,2,2,2,2,2
Fuzzers,1,tcp,FIN,0.95226,534,268,254,252,2,1,-,4040.913086,1881.838989,10,6,255,255,1712951244,4242598488,53,45,0,0,5603.955341,265.223687,1424232772,1424232773,98.961667,160.605797,0.272747,0.149223,0.123524,0,1,0.0,0.0, ,5,3,2,1,1,1,3
Fuzzers,1,tcp,FIN,1.195686,826,682,254,252,3,4,ftp,5071.565918,4188.390625,12,12,255,255,3350420915,3809681310,69,57,0,0,5845.224066,153.303922,1424256508,1424256510,108.698726,95.411,0.26097,0.127119,0.133851,0,1,0.0,0.0, ,3,3,1,1,1,1,3
Fuzzers,1,tcp,FIN,1.274268,750,682,254,252,4,4,ftp,4375.845703,3930.099365,14,12,255,255,2390187221,162612633,54,57,0,0,5257.265513,170.835766,1424230668,1424230669,94.938,106.115367,0.419821,0.106996,0.312825,0,1,0.0,1.0,1,2,2,3,3,1,1,4
Fuzzers,1,udp,INT,1e-05,104,0,254,0,0,0,-,41600000.0,0.0,2,0,0,0,0,0,52,0,0,0,0.0,0.0,1424245026,1424245026,0.01,0.0,0.0,0.0,0.0,0,2,0.0,0.0, ,8,8,2,2,1,1,8
Fuzzers,1,udp,INT,9e-06,848,0,254,0,0,0,-,376888864.0,0.0,2,0,0,0,0,0,424,0,0,0,0.0,0.0,1421933768,1421933768,0.009,0.0,0.0,0.0,0.0,0,2,0.0,0.0,0,6,5,3,3,2,1,3
Fuzzers,1,tcp,FIN,1.122465,504,354,254,252,2,1,http,3235.735596,2209.423096,10,8,255,255,3605749322,3464720445,50,44,1,0,7184.367942,255.443328,1424223259,1424223260,124.609889,151.04,0.130753,0.065182,0.065571,0,1,1.0,0.0, ,2,2,1,1,1,1,2
Fuzzers,1,tcp,FIN,2.243664,774,642,254,252,4,3,-,2563.663574,2100.13623,14,12,255,255,2271200157,74301108,55,54,0,0,12969.70019,312.986281,1424260898,1424260900,169.119846,195.266188,0.195489,0.095728,0.099761,0,1,0.0,0.0, ,2,2,1,1,1,1,2
Fuzzers,1,tcp,FIN,1.158658,1014,354,254,252,2,1,-,6303.844238,2140.407227,10,8,255,255,2662548259,2614302796,101,44,0,0,8017.220832,235.231812,1424224147,1424224148,126.314556,156.470422,0.202361,0.063357,0.139004,0,1,0.0,0.0, ,5,2,1,2,1,1,2
Fuzzers,1,tcp,FIN,2.201211,91048,698,254,252,35,1,-,326547.5313,2380.507812,76,16,255,255,742055412,3318805908,1198,44,0,0,4392.170738,310.890156,1421928423,1421928426,28.892268,138.617859,0.178223,0.121933,0.05629,0,1,0.0,0.0,0,2,2,1,2,1,1,1
Fuzzers,1,udp,INT,3e-06,104,0,254,0,0,0,-,138666656.0,0.0,2,0,0,0,0,0,52,0,0,0,0.0,0.0,1424242521,1424242521,0.003,0.0,0.0,0.0,0.0,0,2,0.0,0.0, ,6,6,2,2,2,1,6
Fuzzers,1,tcp,FIN,0.263347,534,268,254,252,2,1,-,14611.89941,6804.709961,10,6,255,255,2295199360,1688884667,53,45,0,0,1393.713293,60.432375,1421930652,1421930652,27.420778,41.362801,0.091439,0.056524,0.034915,0,1,0.0,0.0,0,12,11,1,1,1,1,1
Fuzzers,1,tcp,FIN,2.308664,1106,816,254,252,3,2,-,3513.720459,2546.92749,12,10,255,255,4022935097,1634618880,92,82,0,0,15090.35024,390.87275,1424248871,1424248873,207.342088,247.084891,0.223833,0.084895,0.138938,0,1,0.0,0.0, ,3,1,1,3,2,1,1
Fuzzers,1,tcp,FIN,1.041683,1040,802,254,252,3,2,-,7326.605469,5544.873047,12,10,255,255,2712353116,1786043715,87,80,0,0,5501.33931,179.173531,1424224414,1424224415,90.823912,107.402109,0.214206,0.075058,0.139148,0,1,0.0,0.0, ,6,1,1,2,1,1,1
Fuzzers,1,udp,INT,34.369053,2328,0,254,0,0,0,-,406.41214,0.0,4,0,0,0,0,0,582,0,0,0,16201.715,0.0,1424247107,1424247141,11456.349,0.0,0.0,0.0,0.0,0,2,0.0,0.0, ,1,1,1,2,1,1,1
Fuzzers,1,xns-idp,INT,4e-06,200,0,254,0,0,0,-,160000000.0,0.0,2,0,0,0,0,0,100,0,0,0,0.0,0.0,1421930668,1421930668,0.005,0.0,0.0,0.0,0.0,0,2,0.0,0.0,0,21,16,6,6,6,6,6
Fuzzers,1,tcp,FIN,0.610611,17286,354,254,252,7,1,-,215154.9688,4061.505371,20,8,255,255,2942902966,1498112335,864,44,0,0,2107.518187,101.760289,1421931668,1421931669,27.676842,68.47843,0.202461,0.131252,0.071209,0,1,0.0,0.0,0,6,4,1,1,1,1,1
Fuzzers,1,tcp,FIN,0.548763,756,268,254,252,2,1,-,9927.783203,3265.526367,10,6,255,255,248661893,1652714197,76,45,0,0,2994.649888,136.989297,1424231124,1424231125,60.961556,92.650398,0.135007,0.085504,0.049503,0,1,0.0,0.0, ,4,3,1,2,1,1,3
Fuzzers,1,udp,INT,1.1e-05,1624,0,254,0,0,0,-,590545472.0,0.0,2,0,0,0,0,0,812,0,0,0,0.0,0.0,1424247800,1424247800,0.011,0.0,0.0,0.0,0.0,0,2,0.0,0.0, ,14,13,25,8,8,1,13
Fuzzers,1,swipe,INT,6e-06,200,0,254,0,0,0,-,133333328.0,0.0,2,0,0,0,0,0,100,0,0,0,0.0,0.0,1424230250,1424230250,0.006,0.0,0.0,0.0,0.0,0,2,0.0,0.0, ,6,6,1,19,1,1,6
Fuzzers,1,tcp,FIN,0.778513,29890,728,254,252,14,3,-,298117.0313,6946.576172,34,14,255,255,3432674358,2471961506,879,52,0,0,2319.972338,90.124359,1421929832,1421929833,23.295667,55.414078,0.107732,0.058119,0.049613,0,1,0.0,0.0,0,5,4,1,1,1,1,1
Fuzzers,1,tcp,FIN,1.349503,68193,612,254,252,27,1,http,397521.1563,3373.093506,60,14,255,255,2736235209,3912630006,1137,44,0,0,2174.771722,114.872773,1424234610,1424234611,22.172051,97.492844,0.198092,0.082093,0.115999,0,1,0.0,0.0, ,3,3,1,1,1,1,4
Fuzzers,1,tcp,FIN,0.569347,1526,268,254,252,2,1,-,19306.32813,3147.465332,10,6,255,255,2017451162,1838190042,153,45,0,0,3258.693969,176.254063,1424224153,1424224154,63.260778,103.640797,0.122049,0.050187,0.071862,0,1,0.0,0.0, ,5,3,1,1,1,1,3
Fuzzers,1,tcp,FIN,0.238558,534,268,254,252,2,1,-,16130.25,7511.800293,10,6,255,255,3766295208,1128844253,53,45,0,0,1309.577716,58.654152,1424230199,1424230199,24.772333,36.078199,0.07693,0.058158,0.018772,0,1,0.0,0.0, ,12,12,4,4,4,1,12
Fuzzers,1,tcp,FIN,1.752799,918,642,254,252,5,3,-,3929.7146,2688.271729,16,12,255,255,1938569076,1378586086,57,54,0,0,6981.762209,197.041672,1424261256,1424261257,116.777602,148.277266,0.196494,0.121744,0.07475,0,1,0.0,0.0, ,2,1,1,2,1,1,3
Fuzzers,1,tcp,FIN,0.310737,486,268,254,252,2,1,-,11276.41699,5766.93457,10,6,255,255,2271465952,1935164536,49,45,0,0,1487.346086,59.238594,1424255808,1424255809,29.186667,47.200398,0.100311,0.074729,0.025582,0,1,0.0,0.0, ,7,6,3,3,3,2,6
Fuzzers,1,tcp,FIN,0.811557,534,268,254,252,2,1,-,4741.50293,2208.101318,10,6,255,255,1927694540,4244618786,53,45,0,0,4585.606706,242.138609,1421928294,1421928295,90.173,141.916,0.20074,0.101192,0.099548,0,1,0.0,0.0,0,4,2,1,2,2,1,1
Fuzzers,1,tcp,FIN,0.864033,774,556,254,252,4,3,-,6657.15332,4638.711914,14,10,255,255,453784843,4069620598,55,56,0,0,3154.076615,115.325273,1424233914,1424233915,63.839772,89.081336,0.140129,0.06229,0.077839,0,1,0.0,0.0, ,3,3,1,1,1,1,3
Generic,1,udp,INT,1e-06,114,0,254,0,0,0,dns,456000000.0,0.0,2,0,0,0,0,0,57,0,0,0,0.0,0.0,1424238619,1424238619,0.001,0.0,0.0,0.0,0.0,0,2,0.0,0.0, ,50,50,44,45,44,20,50
Generic,1,udp,INT,8e-06,114,0,254,0,0,0,dns,57000000.0,0.0,2,0,0,0,0,0,57,0,0,0,0.0,0.0,1424232020,1424232020,0.008,0.0,0.0,0.0,0.0,0,2,0.0,0.0, ,36,36,32,33,32,20,36
Generic,1,udp,INT,5e-06,114,0,254,0,0,0,dns,91200000.0,0.0,2,0,0,0,0,0,57,0,0,0,0.0,0.0,1424246164,1424246164,0.005,0.0,0.0,0.0,0.0,0,2,0.0,0.0, ,37,37,36,36,36,21,37
Generic,1,udp,INT,8e-06,114,0,254,0,0,0,dns,57000000.0,0.0,2,0,0,0,0,0,57,0,0,0,0.0,0.0,1424253310,1424253310,0.008,0.0,0.0,0.0,0.0,0,2,0.0,0.0, ,34,34,34,35,34,16,34
Generic,1,udp,INT,4e-06,114,0,254,0,0,0,dns,114000000.0,0.0,2,0,0,0,0,0,57,0,0,0,0.0,0.0,1424238980,1424238980,0.004,0.0,0.0,0.0,0.0,0,2,0.0,0.0, ,38,38,21,20,20,20,38
Generic,1,udp,INT,1.1e-05,114,0,254,0,0,0,dns,41454544.0,0.0,2,0,0,0,0,0,57,0,0,0,0.0,0.0,1421932261,1421932261,0.011,0.0,0.0,0.0,0.0,0,2,0.0,0.0,0,18,18,7,7,7,4,7
Generic,1,udp,INT,8e-06,114,0,254,0,0,0,dns,57000000.0,0.0,2,0,0,0,0,0,57,0,0,0,0.0,0.0,1424232930,1424232930,0.008,0.0,0.0,0.0,0.0,0,2,0.0,0.0, ,37,37,25,25,25,25,37
Generic,1,udp,INT,9e-06,114,0,254,0,0,0,dns,50666664.0,0.0,2,0,0,0,0,0,57,0,0,0,0.0,0.0,1424247792,1424247792,0.009,0.0,0.0,0.0,0.0,0,2,0.0,0.0, ,27,27,22,22,22,22,27
Generic,1,udp,INT,9e-06,114,0,254,0,0,0,dns,50666664.0,0.0,2,0,0,0,0,0,57,0,0,0,0.0,0.0,1424260768,1424260768,0.009,0.0,0.0,0.0,0.0,0,2,0.0,0.0, ,16,16,7,8,7,2,16
Generic,1,udp,INT,6e-06,114,0,254,0,0,0,dns,76000000.0,0.0,2,0,0,0,0,0,57,0,0,0,0.0,0.0,1424260577,1424260577,0.006,0.0,0.0,0.0,0.0,0,2,0.0,0.0, ,37,37,33,34,33,16,37
Generic,1,udp,INT,8e-06,114,0,254,0,0,0,dns,57000000.0,0.0,2,0,0,0,0,0,57,0,0,0,0.0,0.0,1424245224,1424245224,0.008,0.0,0.0,0.0,0.0,0,2,0.0,0.0, ,22,22,23,23,22,22,23
Generic,1,udp,INT,9e-06,114,0,254,0,0,0,dns,50666664.0,0.0,2,0,0,0,0,0,57,0,0,0,0.0,0.0,1424246140,1424246140,0.009,0.0,0.0,0.0,0.0,0,2,0.0,0.0, ,36,36,8,8,8,8,36
Generic,1,udp,INT,4e-06,114,0,254,0,0,0,dns,114000000.0,0.0,2,0,0,0,0,0,57,0,0,0,0.0,0.0,1424230303,1424230303,0.004,0.0,0.0,0.0,0.0,0,2,0.0,0.0, ,42,42,17,19,17,17,42
Generic,1,udp,INT,6e-06,114,0,254,0,0,0,dns,76000000.0,0.0,2,0,0,0,0,0,57,0,0,0,0.0,0.0,1424255225,1424255225,0.006,0.0,0.0,0.0,0.0,0,2,0.0,0.0, ,29,29,29,29,29,14,29
Generic,1,udp,INT,8e-06,114,0,254,0,0,0,dns,57000000.0,0.0,2,0,0,0,0,0,57,0,0,0,0.0,0.0,1424260286,1424260286,0.008,0.0,0.0,0.0,0.0,0,2,0.0,0.0, ,32,32,30,30,30,14,32
Generic,1,udp,INT,1e-06,114,0,254,0,0,0,dns,456000000.0,0.0,2,0,0,0,0,0,57,0,0,0,0.0,0.0,1424232347,1424232347,0.001,0.0,0.0,0.0,0.0,0,2,0.0,0.0, ,29,29,25,25,25,25,29
Generic,1,udp,INT,9e-06,114,0,254,0,0,0,dns,50666664.0,0.0,2,0,0,0,0,0,57,0,0,0,0.0,0.0,1424260143,1424260143,0.009,0.0,0.0,0.0,0.0,0,2,0.0,0.0, ,21,21,21,22,21,11,21
Generic,1,udp,INT,9e-06,114,0,254,0,0,0,dns,50666664.0,0.0,2,0,0,0,0,0,57,0,0,0,0.0,0.0,1424246182,1424246182,0.009,0.0,0.0,0.0,0.0,0,2,0.0,0.0, ,39,39,23,22,22,22,39
Generic,1,udp,INT,3e-06,114,0,254,0,0,0,dns,152000000.0,0.0,2,0,0,0,0,0,57,0,0,0,0.0,0.0,1424244652,1424244652,0.003,0.0,0.0,0.0,0.0,0,2,0.0,0.0, ,54,54,54,54,54,35,54
Generic,1,udp,INT,9e-06,114,0,254,0,0,0,dns,50666664.0,0.0,2,0,0,0,0,0,57,0,0,0,0.0,0.0,1424237703,1424237703,0.009,0.0,0.0,0.0,0.0,0,2,0.0,0.0, ,27,27,27,27,27,14,27
Generic,1,udp,INT,1e-06,114,0,254,0,0,0,dns,456000000.0,0.0,2,0,0,0,0,0,57,0,0,0,0.0,0.0,1424224361,1424224361,0.001,0.0,0.0,0.0,0.0,0,2,0.0,0.0, ,17,17,9,9,9,9,17
Generic,1,udp,INT,9e-06,114,0,254,0,0,0,dns,50666664.0,0.0,2,0,0,0,0,0,57,0,0,0,0.0,0.0,1424260661,1424260661,0.009,0.0,0.0,0.0,0.0,0,2,0.0,0.0, ,44,44,33,33,33,17,44
Generic,1,udp,INT,1e-06,114,0,254,0,0,0,dns,456000000.0,0.0,2,0,0,0,0,0,57,0,0,0,0.0,0.0,1424247913,1424247913,0.001,0.0,0.0,0.0,0.0,0,2,0.0,0.0, ,31,31,26,27,26,13,31
Generic,1,udp,INT,1e-05,114,0,254,0,0,0,dns,45600000.0,0.0,2,0,0,0,0,0,57,0,0,0,0.0,0.0,1421932410,1421932410,0.01,0.0,0.0,0.0,0.0,0,2,0.0,0.0,0,16,16,5,5,5,2,5
Generic,1,udp,INT,9e-06,114,0,254,0,0,0,dns,50666664.0,0.0,2,0,0,0,0,0,57,0,0,0,0.0,0.0,1424254858,1424254858,0.009,0.0,0.0,0.0,0.0,0,2,0.0,0.0, ,34,34,34,35,34,16,34
Generic,1,udp,INT,3e-06,114,0,254,0,0,0,dns,152000000.0,0.0,2,0,0,0,0,0,57,0,0,0,0.0,0.0,1424251692,1424251692,0.003,0.0,0.0,0.0,0.0,0,2,0.0,0.0, ,29,29,16,16,16,16,29
Generic,1,udp,INT,2e-06,114,0,254,0,0,0,dns,228000000.0,0.0,2,0,0,0,0,0,57,0,0,0,0.0,0.0,1424240060,1424240060,0.002,0.0,0.0,0.0,0.0,0,2,0.0,0.0, ,20,20,20,21,20,20,20
Generic,1,udp,INT,1e-05,114,0,254,0,0,0,dns,45600000.0,0.0,2,0,0,0,0,0,57,0,0,0,0.0,0.0,1424253580,1424253580,0.01,0.0,0.0,0.0,0.0,0,2,0.0,0.0, ,34,34,16,16,16,16,34
Generic,1,udp,INT,9e-06,114,0,254,0,0,0,dns,50666664.0,0.0,2,0,0,0,0,0,57,0,0,0,0.0,0.0,1424247834,1424247834,0.009,0.0,0.0,0.0,0.0,0,2,0.0,0.0, ,39,39,39,39,39,17,39
Generic,1,udp,INT,3e-06,114,0,254,0,0,0,dns,152000000.0,0.0,2,0,0,0,0,0,57,0,0,0,0.0,0.0,1424248206,1424248206,0.003,0.0,0.0,0.0,0.0,0,2,0.0,0.0, ,41,41,8,8,8,4,41
Generic,1,udp,INT,8e-06,114,0,254,0,0,0,dns,57000000.0,0.0,2,0,0,0,0,0,57,0,0,0,0.0,0.0,1424246169,1424246169,0.008,0.0,0.0,0.0,0.0,0,2,0.0,0.0, ,43,43,36,37,36,19,43
Generic,1,unas,INT,3e-06,200,0,254,0,0,0,-,266666656.0,0.0,2,0,0,0,0,0,100,0,0,0,0.0,0.0,1424258889,1424258889,0.003,0.0,0.0,0.0,0.0,0,2,0.0,0.0, ,3,3,3,5,2,2,4
Generic,1,udp,INT,4e-06,114,0,254,0,0,0,dns,114000000.0,0.0,2,0,0,0,0,0,57,0,0,0,0.0,0.0,1424240694,1424240694,0.004,0.0,0.0,0.0,0.0,0,2,0.0,0.0, ,37,37,37,37,37,17,37
Generic,1,udp,INT,8e-06,114,0,254,0,0,0,dns,57000000.0,0.0,2,0,0,0,0,0,57,0,0,0,0.0,0.0,1424232082,1424232082,0.008,0.0,0.0,0.0,0.0,0,2,0.0,0.0, ,31,31,11,11,11,11,31
Generic,1,udp,INT,8e-06,114,0,254,0,0,0,dns,57000000.0,0.0,2,0,0,0,0,0,57,0,0,0,0.0,0.0,1424232386,1424232386,0.008,0.0,0.0,0.0,0.0,0,2,0.0,0.0, ,36,36,15,15,14,14,37
Generic,1,udp,INT,3e-06,114,0,254,0,0,0,dns,152000000.0,0.0,2,0,0,0,0,0,57,0,0,0,0.0,0.0,1424259681,1424259681,0.003,0.0,0.0,0.0,0.0,0,2,0.0,0.0, ,16,16,16,17,16,16,16
Generic,1,udp,INT,1e-06,114,0,254,0,0,0,dns,456000000.0,0.0,2,0,0,0,0,0,57,0,0,0,0.0,0.0,1421933650,1421933650,0.001,0.0,0.0,0.0,0.0,0,2,0.0,0.0,0,6,6,3,3,3,3,3
Generic,1,udp,INT,9e-06,114,0,254,0,0,0,dns,50666664.0,0.0,2,0,0,0,0,0,57,0,0,0,0.0,0.0,1424230528,1424230528,0.009,0.0,0.0,0.0,0.0,0,2,0.0,0.0, ,55,55,38,38,38,21,55
Generic,1,udp,INT,9e-06,114,0,254,0,0,0,dns,50666664.0,0.0,2,0,0,0,0,0,57,0,0,0,0.0,0.0,1424252802,1424252802,0.009,0.0,0.0,0.0,0.0,0,2,0.0,0.0, ,25,25,18,18,18,18,25
Generic,1,udp,INT,9e-06,114,0,254,0,0,0,dns,50666664.0,0.0,2,0,0,0,0,0,57,0,0,0,0.0,0.0,1424244897,1424244897,0.009,0.0,0.0,0.0,0.0,0,2,0.0,0.0, ,30,30,13,13,13,13,30
Generic,1,udp,INT,5e-06,114,0,254,0,0,0,dns,91200000.0,0.0,2,0,0,0,0,0,57,0,0,0,0.0,0.0,1424246519,1424246519,0.005,0.0,0.0,0.0,0.0,0,2,0.0,0.0, ,19,19,19,20,19,19,19
Generic,1,udp,INT,9e-06,114,0,254,0,0,0,dns,50666664.0,0.0,2,0,0,0,0,0,57,0,0,0,0.0,0.0,1424246361,1424246361,0.009,0.0,0.0,0.0,0.0,0,2,0.0,0.0, ,17,17,16,17,16,16,17
Generic,1,udp,INT,3e-06,114,0,254,0,0,0,dns,152000000.0,0.0,2,0,0,0,0,0,57,0,0,0,0.0,0.0,1424224611,1424224611,0.003,0.0,0.0,0.0,0.0,0,2,0.0,0.0, ,17,17,9,11,9,9,17
Generic,1,udp,INT,4e-06,114,0,254,0,0,0,dns,114000000.0,0.0,2,0,0,0,0,0,57,0,0,0,0.0,0.0,1424244808,1424244808,0.004,0.0,0.0,0.0,0.0,0,2,0.0,0.0, ,35,35,17,17,17,17,35
Generic,1,udp,INT,1e-06,114,0,254,0,0,0,dns,456000000.0,0.0,2,0,0,0,0,0,57,0,0,0,0.0,0.0,1424239427,1424239427,0.001,0.0,0.0,0.0,0.0,0,2,0.0,0.0, ,24,24,24,24,24,24,24
Generic,1,udp,INT,4e-06,114,0,254,0,0,0,dns,114000000.0,0.0,2,0,0,0,0,0,57,0,0,0,0.0,0.0,1424238291,1424238291,0.004,0.0,0.0,0.0,0.0,0,2,0.0,0.0, ,23,23,19,20,19,19,23
Generic,1,udp,INT,9e-06,114,0,254,0,0,0,dns,50666664.0,0.0,2,0,0,0,0,0,57,0,0,0,0.0,0.0,1424247129,1424247129,0.009,0.0,0.0,0.0,0.0,0,2,0.0,0.0, ,39,39,18,17,17,17,39
Generic,1,udp,INT,1e-06,114,0,254,0,0,0,dns,456000000.0,0.0,2,0,0,0,0,0,57,0,0,0,0.0,0.0,1424253793,1424253793,0.001,0.0,0.0,0.0,0.0,0,2,0.0,0.0, ,16,16,16,16,16,16,16
Generic,1,udp,INT,8e-06,114,0,254,0,0,0,dns,57000000.0,0.0,2,0,0,0,0,0,57,0,0,0,0.0,0.0,1424231609,1424231609,0.008,0.0,0.0,0.0,0.0,0,2,0.0,0.0, ,22,22,19,19,18,18,25
Generic,1,udp,INT,5e-06,114,0,254,0,0,0,dns,91200000.0,0.0,2,0,0,0,0,0,57,0,0,0,0.0,0.0,1424253532,1424253532,0.005,0.0,0.0,0.0,0.0,0,2,0.0,0.0, ,34,34,34,35,34,16,34
Generic,1,udp,INT,8e-06,114,0,254,0,0,0,dns,57000000.0,0.0,2,0,0,0,0,0,57,0,0,0,0.0,0.0,1424230503,1424230503,0.008,0.0,0.0,0.0,0.0,0,2,0.0,0.0, ,34,34,34,34,34,15,34
Generic,1,udp,INT,9e-06,114,0,254,0,0,0,dns,50666664.0,0.0,2,0,0,0,0,0,57,0,0,0,0.0,0.0,1424224801,1424224801,0.009,0.0,0.0,0.0,0.0,0,2,0.0,0.0, ,36,36,17,17,17,9,36
Generic,1,udp,INT,5e-06,114,0,254,0,0,0,dns,91200000.0,0.0,2,0,0,0,0,0,57,0,0,0,0.0,0.0,1424246088,1424246088,0.005,0.0,0.0,0.0,0.0,0,2,0.0,0.0, ,43,43,39,39,39,17,43
Generic,1,udp,INT,8e-06,114,0,254,0,0,0,dns,57000000.0,0.0,2,0,0,0,0,0,57,0,0,0,0.0,0.0,1424223853,1424223853,0.008,0.0,0.0,0.0,0.0,0,2,0.0,0.0, ,7,7,8,7,7,7,7
Generic,1,udp,INT,9e-06,114,0,254,0,0,0,dns,50666664.0,0.0,2,0,0,0,0,0,57,0,0,0,0.0,0.0,1424246361,1424246361,0.009,0.0,0.0,0.0,0.0,0,2,0.0,0.0, ,17,17,16,17,16,16,17
Normal,0,tcp,FIN,0.048735,528,8824,31,29,1,4,ftp-data,78136.85938,1327834.25,10,12,255,255,3620275292,2044847987,53,735,0,0,493.764647,440.841072,1424251706,1424251706,5.378778,4.386909,0.000618,0.000476,0.000142,0,0,0.0,0.0, ,3,3,2,2,1,1,4
Normal,0,tcp,FIN,0.003865,320,1902,31,29,1,2,ftp-data,552652.0,3446313.0,6,8,255,255,4114161292,4122478896,53,238,0,0,41.6903,0.896056,1424245618,1424245618,0.7108,0.476286,0.000667,0.000527,0.00014,0,0,0.0,0.0, ,3,3,4,8,1,1,4
Normal,0,tcp,FIN,0.036289,3390,44426,31,29,7,22,-,734106.75,9625176.0,56,58,255,255,860863507,3010785076,61,766,0,0,41.094887,40.988738,1421952026,1421952026,0.653273,0.625439,0.000763,0.000629,0.000134,0,0,0.0,0.0,0,11,8,4,2,1,1,1
Normal,0,tcp,FIN,0.028132,1064,2364,31,29,4,4,-,277548.7188,624484.5625,12,14,255,255,3110554300,3110884735,89,169,0,0,230.892964,6.062883,1421955881,1421955881,2.445091,2.113,0.000827,0.000653,0.000174,0,0,0.0,0.0,0,10,8,2,3,2,1,1
Normal,0,tcp,FIN,6.261433,1920,4416,31,29,6,6,-,2341.955811,5426.233887,22,26,255,255,1000178223,3145872766,87,170,0,0,27912.31289,25589.54477,1421972124,1421972130,298.14701,250.432315,0.000778,0.000615,0.000163,0,0,0.0,0.0,0,15,6,3,2,1,1,1
Normal,0,udp,CON,0.001104,130,162,31,29,0,0,dns,471014.4688,586956.5,2,2,0,0,0,0,65,81,0,0,0.0,0.0,1421961408,1421961408,0.007,0.008,0.0,0.0,0.0,0,0,0.0,0.0,0,3,2,1,11,2,1,1
Normal,0,tcp,FIN,0.024325,2334,15722,31,29,7,12,-,746557.0625,5034820.0,36,38,255,255,3629324554,3634413208,65,414,0,0,48.285299,45.705116,1421972400,1421972400,0.684286,0.641595,0.000712,0.000577,0.000135,0,0,0.0,0.0,0,9,5,4,6,1,1,2
Normal,0,tcp,FIN,0.004721,1032,824,31,29,2,2,http,1530184.375,1257360.75,8,10,255,255,3737936972,3739022361,129,82,1,83,35.529758,0.894896,1424236966,1424236966,0.625857,0.463556,0.000673,0.000545,0.000128,0,0,1.0,0.0, ,2,3,5,5,1,1,2
Normal,0,tcp,FIN,0.66733,4632,3080,31,29,7,7,-,53550.71484,35700.47656,28,30,255,255,3078917087,1206506676,165,103,0,0,1305.738779,32.417762,1421966838,1421966838,24.704371,22.991414,0.000727,0.000575,0.000152,0,0,0.0,0.0,0,5,7,4,4,1,1,2
Normal,0,tcp,FIN,0.109011,4014,60992,31,29,7,28,-,290245.9375,4412105.0,68,70,255,255,1014902929,3164792056,59,871,0,0,90.157719,88.535634,1421968233,1421968233,1.622313,1.570957,0.000783,0.000605,0.000178,0,0,0.0,0.0,0,10,2,2,3,1,1,1
Normal,0,tcp,FIN,1.136014,1684,10168,31,29,3,5,http,11013.94922,67632.96875,14,18,255,255,3524954459,3530067829,120,565,1,3924,8839.099441,7743.170504,1424243974,1424243975,87.359618,66.797941,0.000576,0.000446,0.00013,0,0,1.0,0.0, ,2,2,2,2,1,1,2
Normal,0,tcp,FIN,0.093222,3390,40254,31,29,7,22,-,285769.4688,3394906.75,56,58,255,255,3466963944,1360494499,61,694,0,0,115.951294,102.515521,1424244042,1424244042,1.689309,1.625719,0.000683,0.000552,0.000131,0,0,0.0,0.0, ,7,6,3,3,1,1,3
Normal,0,tcp,FIN,0.022003,3390,42510,31,29,7,22,-,1210744.0,15189928.0,56,58,255,255,1806940431,1807265335,61,733,0,0,21.838537,20.856209,1421952264,1421952264,0.393673,0.375211,0.000765,0.000606,0.000159,0,0,0.0,0.0,0,5,4,1,4,1,1,1
Normal,0,tcp,FIN,0.014318,2542,22592,31,29,7,14,-,1385109.75,12322950.0,40,42,255,255,715667130,739325869,64,538,0,0,0.0,20.584999,1421951436,1421951436,0.358308,0.337293,0.000615,0.000486,0.000129,0,0,0.0,0.0,0,5,7,5,3,1,1,2
Normal,0,tcp,FIN,2.661521,13142,548216,31,29,21,197,-,39330.89453,1644067.5,228,438,255,255,1467496475,3623171666,58,1252,0,0,4338.413971,3126.895296,1424259390,1424259392,11.723282,6.089261,0.000635,0.000511,0.000124,0,0,0.0,0.0, ,8,9,5,2,2,1,5
Normal,0,tcp,FIN,9.151629,33750,1416112,31,29,47,484,-,29454.86328,1236786.125,606,1101,255,255,24300514,27827447,56,1286,0,0,7196.350331,5339.210861,1421961531,1421961540,15.126131,8.319195,0.000641,0.000509,0.000132,0,0,0.0,0.0,0,9,8,5,3,2,1,2
Normal,0,tcp,FIN,0.035282,4550,68342,31,29,7,33,-,1018536.313,15302533.0,78,80,255,255,1771207150,3921080036,58,854,0,0,23.706145,23.595769,1421937876,1421937876,0.453571,0.439873,0.00068,0.000523,0.000157,0,0,0.0,0.0,0,5,3,3,2,1,1,2
Normal,0,tcp,FIN,0.038646,1540,1644,31,29,4,4,-,298918.375,321482.1563,16,18,255,255,4253175547,2115224939,96,91,0,0,181.208259,5.675669,1424228810,1424228810,2.555867,2.244059,0.000615,0.00049,0.000125,0,0,0.0,0.0, ,11,15,15,8,6,1,7
Normal,0,tcp,FIN,0.016169,1040,824,31,29,2,2,http,450244.2813,367122.25,8,10,255,255,1142867243,1145002541,130,82,1,83,167.143526,3.665189,1424224449,1424224449,2.259143,1.736444,0.000665,0.000538,0.000127,0,0,1.0,0.0, ,2,1,2,2,1,1,1
Normal,0,udp,CON,0.00105,146,178,31,29,0,0,dns,556190.5,678095.25,2,2,0,0,0,0,73,89,0,0,0.0,0.0,1421968180,1421968180,0.007,0.006,0.0,0.0,0.0,0,0,0.0,0.0,0,3,3,2,4,1,1,1
Normal,0,udp,INT,4e-06,264,0,60,0,0,0,dns,264000000.0,0.0,2,0,0,0,0,0,132,0,0,0,0.0,0.0,1424253507,1424253507,0.004,0.0,0.0,0.0,0.0,0,0,0.0,0.0, ,31,31,17,17,17,17,31
Normal,0,tcp,FIN,1.074734,7814,15044,31,29,30,32,-,57688.69531,111097.2578,122,126,255,255,2889537514,751247804,64,119,0,0,529.41702,521.558243,1424231471,1424231472,8.952767,8.593456,0.000693,0.000548,0.000145,0,0,0.0,0.0, ,1,5,3,1,1,1,1
Normal,0,tcp,FIN,0.053955,2766,28892,31,29,7,16,-,400926.6875,4190751.5,44,46,255,255,793420281,2943294102,63,628,0,0,75.387806,74.131679,1424234420,1424234420,1.247442,1.214114,0.000648,0.000532,0.000116,0,0,0.0,0.0, ,6,7,4,4,1,1,3
Normal,0,tcp,FIN,0.003841,1038,820,31,29,2,2,http,1893257.0,1537099.75,8,10,255,255,3860733892,1716341550,130,82,1,81,31.67959,0.670528,1421962858,1421962858,0.497857,0.369889,0.000641,0.000508,0.000133,0,0,1.0,0.0,0,2,2,6,8,1,1,6
Normal,0,tcp,FIN,0.018824,3302,35742,31,29,7,21,-,1377390.625,14918827.0,54,56,255,255,2259506404,115620476,61,638,0,0,18.592127,18.344605,1424252805,1424252805,0.349019,0.332855,0.000634,0.000514,0.00012,0,0,0.0,0.0, ,7,7,3,2,1,1,3
Normal,0,udp,INT,9e-06,264,0,60,0,0,0,dns,117333328.0,0.0,2,0,0,0,0,0,132,0,0,0,0.0,0.0,1424254773,1424254773,0.009,0.0,0.0,0.0,0.0,0,0,0.0,0.0, ,37,37,18,18,18,18,37
Normal,0,tcp,FIN,1.009031,1684,10168,31,29,3,5,http,12400.01465,76144.33594,14,18,255,255,1133043793,1134066536,120,565,1,3924,8761.616242,7674.450011,1421948673,1421948674,77.588767,59.322588,0.000678,0.000543,0.000135,0,0,1.0,0.0,0,2,2,2,1,1,1,1
Normal,0,tcp,FIN,0.035542,3302,36154,31,29,7,21,-,729503.125,7992572.0,54,56,255,255,2775809285,2797516495,61,646,0,0,47.547074,46.351956,1424232845,1424232845,0.663642,0.649333,0.000673,0.000475,0.000198,0,0,0.0,0.0, ,5,4,4,4,1,1,1
Normal,0,tcp,FIN,0.069853,3302,40550,31,29,7,21,-,371179.4688,4561121.0,54,56,255,255,3489899816,3543020126,61,724,0,0,0.0,87.953628,1424228093,1424228093,1.312132,1.308094,0.000651,0.000521,0.00013,0,0,0.0,0.0, ,10,7,8,7,1,1,3
Normal,0,tcp,FIN,1.05116,1580,10168,31,29,3,5,http,11027.81738,73092.58594,12,18,255,255,1803466600,3954075064,132,565,1,3924,9808.498424,7899.630911,1424227865,1424227866,95.52673,61.801119,0.000673,0.000534,0.000139,0,0,1.0,0.0, ,5,2,2,2,1,1,1
Normal,0,udp,CON,0.001027,130,162,31,29,0,0,dns,506329.0938,630963.9375,2,2,0,0,0,0,65,81,0,0,0.0,0.0,1424232484,1424232484,0.01,0.007,0.0,0.0,0.0,0,0,0.0,0.0, ,1,2,4,5,1,1,1
Normal,0,udp,CON,0.001032,146,178,31,29,0,0,dns,565891.5,689922.5,2,2,0,0,0,0,73,89,0,0,0.0,0.0,1421943211,1421943211,0.009,0.008,0.0,0.0,0.0,0,0,0.0,0.0,0,3,3,3,2,2,1,1
Normal,0,udp,CON,0.001674,512,304,31,29,0,0,-,1835125.375,1089605.75,4,4,0,0,0,0,128,76,0,0,0.605755,0.27885,1421964211,1421964211,0.432333,0.201667,0.0,0.0,0.0,0,0,0.0,0.0,0,9,4,3,6,1,1,3
Normal,0,tcp,FIN,6.755368,14288,594674,31,29,18,186,-,16856.51953,702701.5625,263,458,255,255,496450438,500274260,54,1298,0,0,329.728719,7925.286779,1421939019,1421939026,25.782477,14.7817,0.0,0.0,0.0,0,0,0.0,0.0,0,3,10,3,1,1,1,1
Normal,0,udp,INT,5e-06,264,0,60,0,0,0,dns,211200000.0,0.0,2,0,0,0,0,0,132,0,0,0,0.0,0.0,1424230491,1424230491,0.005,0.0,0.0,0.0,0.0,0,0,0.0,0.0, ,50,50,6,6,6,3,50
Normal,0,tcp,FIN,0.062833,3182,39582,31,29,7,20,-,397370.7813,4946317.5,52,54,255,255,1729116513,1783720170,61,733,0,0,0.0,65.666819,1421937418,1421937418,1.24398,1.073151,0.008814,0.005953,0.002861,0,0,0.0,0.0,0,9,6,5,10,1,1,1
Normal,0,udp,CON,0.001077,146,178,31,29,0,0,dns,542246.9375,661095.625,2,2,0,0,0,0,73,89,0,0,0.0,0.0,1421937905,1421937905,0.011,0.011,0.0,0.0,0.0,0,0,0.0,0.0,0,3,4,4,3,1,1,2
Normal,0,udp,CON,0.001145,146,178,31,29,0,0,dns,510043.6875,621834.0625,2,2,0,0,0,0,73,89,0,0,0.0,0.0,1424257569,1424257569,0.001,0.002,0.0,0.0,0.0,0,0,0.0,0.0, ,2,2,2,1,1,1,2
Normal,0,tcp,FIN,1.247576,2934,3740,31,29,11,15,ftp,18454.98828,23540.04883,52,54,255,255,2103859550,18609384,56,69,0,0,1814.270349,61.860445,1424227951,1424227952,24.455843,23.529906,0.000624,0.00049,0.000134,0,0,0.0,1.0,1,1,2,4,3,1,1,2
Normal,0,tcp,FIN,0.007403,4232,2456,31,29,7,7,-,4319330.0,2507091.75,18,18,255,255,1107034055,3255243003,235,136,0,0,24.34393,0.611922,1424229191,1424229191,0.416706,0.407706,0.000587,0.000469,0.000118,0,0,0.0,0.0, ,9,7,5,4,1,1,3
Normal,0,udp,CON,0.001051,146,178,31,29,0,0,-,555661.3125,677450.0625,2,2,0,0,0,0,73,89,0,0,0.0,0.0,1421934570,1421934570,0.011,0.008,0.0,0.0,0.0,0,0,0.0,0.0,0,15,18,2,1,1,1,1
Normal,0,tcp,FIN,1.239031,7816,14942,31,29,30,32,-,50052.01953,95713.50781,122,126,255,255,2929621617,808023907,64,119,0,0,629.315394,620.775794,1421933611,1421933613,10.236727,9.907824,0.000658,0.000549,0.000109,0,0,0.0,0.0,0,5,5,2,2,1,1,1
Normal,0,udp,INT,9e-06,264,0,60,0,0,0,dns,117333328.0,0.0,2,0,0,0,0,0,132,0,0,0,0.0,0.0,1424261581,1424261581,0.009,0.0,0.0,0.0,0.0,0,0,0.0,0.0, ,37,37,18,18,18,18,37
Normal,0,udp,INT,8e-06,264,0,60,0,0,0,dns,132000000.0,0.0,2,0,0,0,0,0,132,0,0,0,0.0,0.0,1424233812,1424233812,0.008,0.0,0.0,0.0,0.0,0,0,0.0,0.0, ,36,36,19,19,19,19,36
Normal,0,tcp,FIN,1.495124,2054,2478,31,29,6,6,-,10492.77539,12707.97656,22,24,255,255,2053072971,4198775041,93,103,0,0,5261.072652,5024.506876,1421938832,1421938833,71.179144,64.977482,0.000787,0.000632,0.000155,0,0,0.0,0.0,0,3,8,4,3,2,1,2
Normal,0,tcp,FIN,0.08115,3078,32564,31,29,7,18,-,297424.5,3146075.0,50,50,255,255,1955854252,4102446304,62,651,0,0,88.810142,2.518985,1424248635,1424248635,1.558388,1.716217,0.00236,0.002199,0.000161,0,0,0.0,0.0, ,9,5,2,5,1,1,3
Normal,0,tcp,FIN,0.046445,320,1904,31,29,1,2,ftp-data,45989.87891,286963.0625,6,8,255,255,2306665069,305271735,53,238,0,0,642.706302,15.734083,1421963783,1421963783,9.2244,6.559857,0.00066,0.000522,0.000138,0,0,0.0,0.0,0,3,3,7,7,1,1,4
Normal,0,tcp,FIN,0.184078,1540,1644,31,29,4,4,-,62756.00781,67493.13281,16,18,255,255,1264387813,3436486303,96,91,0,0,879.728506,22.562355,1421948419,1421948419,12.2326,10.765353,0.001215,0.001056,0.000159,0,0,0.0,0.0,0,23,13,6,10,5,1,6
Normal,0,tcp,FIN,0.00439,1044,824,31,29,2,2,http,1665603.625,1352164.0,8,10,255,255,871725152,3022422717,131,82,1,83,36.726636,0.751422,1421935798,1421935798,0.574286,0.423444,0.000722,0.000574,0.000148,0,0,1.0,0.0,0,2,3,3,8,2,1,2
Normal,0,udp,INT,8e-06,264,0,60,0,0,0,dns,132000000.0,0.0,2,0,0,0,0,0,132,0,0,0,0.0,0.0,1424232080,1424232080,0.008,0.0,0.0,0.0,0.0,0,0,0.0,0.0, ,43,43,24,24,24,24,43
Normal,0,tcp,FIN,0.066877,2958,31788,31,29,7,18,-,346546.6563,3726602.5,48,50,255,255,2584206521,2604907151,62,636,0,0,81.865629,80.740911,1424233958,1424233958,1.415851,1.353633,0.000685,0.000545,0.00014,0,0,0.0,0.0, ,5,5,3,2,1,1,2
Normal,0,tcp,FIN,0.02033,3390,40986,31,29,7,22,-,1310378.75,15850467.0,56,58,255,255,248919507,255185534,61,707,0,0,20.235843,19.623401,1424226320,1424226320,0.369481,0.354393,0.000616,0.000482,0.000134,0,0,0.0,0.0, ,2,3,2,3,1,1,1
Normal,0,tcp,FIN,0.048074,528,8824,31,29,1,4,ftp-data,79211.21875,1346091.5,10,12,255,255,121692137,2519104368,53,735,0,0,490.819063,438.677952,1424224190,1424224190,5.306222,4.305727,0.000847,0.000706,0.000141,0,0,0.0,0.0, ,3,3,3,4,1,1,4
Normal,0,tcp,FIN,0.021029,2854,29122,31,29,7,17,-,1062152.25,10848258.0,46,48,255,255,1468465879,1468760121,62,607,0,0,26.877271,25.73257,1421968467,1421968467,0.459156,0.434936,0.000705,0.00058,0.000125,0,0,0.0,0.0,0,7,3,1,4,1,1,1
Normal,0,udp,INT,5e-06,264,0,60,0,0,0,dns,211200000.0,0.0,2,0,0,0,0,0,132,0,0,0,0.0,0.0,1424233711,1424233711,0.005,0.0,0.0,0.0,0.0,0,0,0.0,0.0, ,38,38,38,38,38,19,38
PortScan,1,tcp,FIN,1.140746,564,354,254,252,2,1,-,3562.581055,2174.015869,10,8,255,255,2733515914,842921295,56,44,0,0,7305.219381,252.13075,1424230608,1424230610,126.736333,151.198578,0.137054,0.08235,0.054704,0,1,0.0,0.0, ,1,1,1,6,1,1,1
PortScan,1,tcp,FIN,0.642515,864,268,254,252,2,1,http,9686.933594,2789.040039,10,6,255,255,1222974892,895333635,86,45,0,0,3670.6894,180.123172,1421927819,1421927820,71.300667,112.798203,0.174679,0.078519,0.09616,0,1,0.0,0.0,0,1,1,1,2,1,1,1
PortScan,1,udp,INT,4e-06,168,0,254,0,0,0,-,168000000.0,0.0,2,0,0,0,0,0,84,0,0,0,0.0,0.0,1424258636,1424258636,0.004,0.0,0.0,0.0,0.0,0,2,0.0,0.0, ,2,2,1,1,1,1,1
PortScan,1,tcp,FIN,0.731058,564,354,254,252,2,1,-,5559.066406,3392.34375,10,8,255,255,2232951602,1107379667,56,44,0,0,5604.99518,145.212359,1424229761,1424229762,78.336778,99.402711,0.05232,0.035234,0.017086,0,1,0.0,0.0, ,1,2,1,1,1,1,1
PortScan,1,udp,INT,1.1e-05,168,0,254,0,0,0,-,61090908.0,0.0,2,0,0,0,0,0,84,0,0,0,0.0,0.0,1421929946,1421929946,0.011,0.0,0.0,0.0,0.0,0,2,0.0,0.0,0,1,1,1,1,1,1,1
PortScan,1,tcp,FIN,0.82837,778,354,254,252,2,1,http,6769.921875,2993.831299,10,8,255,255,777162382,158594921,78,44,0,0,5125.218608,189.642109,1421930723,1421930723,92.041111,103.560711,0.107047,0.07675,0.030297,0,1,0.0,0.0,0,1,1,1,2,1,1,1
PortScan,1,udp,INT,9e-06,168,0,254,0,0,0,-,74666664.0,0.0,2,0,0,0,0,0,84,0,0,0,0.0,0.0,1424248357,1424248357,0.009,0.0,0.0,0.0,0.0,0,2,0.0,0.0, ,1,1,1,1,1,1,1
PortScan,1,tcp,FIN,0.283966,990,268,254,252,2,1,http,25101.5957,6310.614746,10,6,255,255,1060289686,1110667115,99,45,1,0,1472.826487,74.380727,1424250778,1424250778,29.189667,50.621,0.092439,0.030858,0.061581,0,1,1.0,0.0, ,1,1,1,1,1,1,1
PortScan,1,ospf,INT,22.04829,1280,0,254,0,0,0,-,441.213348,0.0,20,0,0,0,0,0,64,0,0,0,1438.506125,0.0,1424225776,1424225798,1160.436375,0.0,0.0,0.0,0.0,0,2,0.0,0.0, ,1,1,1,2,1,1,1
PortScan,1,tcp,FIN,0.421861,886,268,254,252,2,1,http,15132.94727,4247.844727,10,6,255,255,4097044364,2004757548,89,45,1,0,2237.061563,106.838938,1424252485,1424252485,46.760111,74.946,0.121844,0.047122,0.074722,0,1,1.0,0.0, ,1,1,1,1,1,1,1
PortScan,1,tcp,FIN,2.002611,564,354,254,252,2,1,-,2029.350708,1238.383301,10,8,255,255,748025719,75262798,56,44,0,0,13238.18439,380.281875,1424247697,1424247699,217.297,270.452844,0.184957,0.10944,0.075517,0,1,0.0,0.0, ,3,3,2,3,1,1,1
PortScan,1,udp,INT,5e-06,168,0,254,0,0,0,-,134400000.0,0.0,2,0,0,0,0,0,84,0,0,0,0.0,0.0,1421928919,1421928919,0.005,0.0,0.0,0.0,0.0,0,2,0.0,0.0,0,1,1,1,1,1,1,1
PortScan,1,tcp,FIN,0.185913,930,268,254,252,2,1,http,36016.84766,9638.916992,10,6,255,255,1850451416,1612945172,93,45,1,0,1026.280451,60.861461,1421929412,1421929412,19.130778,35.610199,0.054183,0.007852,0.046331,0,1,1.0,0.0,0,1,1,1,1,1,1,1
PortScan,1,tcp,FIN,1.215171,564,354,254,252,2,1,-,3344.385254,2040.865112,10,8,255,255,3418499687,1585478448,56,44,0,0,8422.841874,231.919547,1424251886,1424251887,133.525,162.236719,0.203383,0.079505,0.123878,0,1,0.0,0.0, ,3,1,1,1,1,1,1
PortScan,1,tcp,FIN,1.123675,564,354,254,252,2,1,-,3616.704102,2207.043945,10,8,255,255,1595976760,16330119,56,44,0,0,7034.876107,214.411625,1424230046,1424230048,116.478667,149.178578,0.215874,0.079423,0.136451,0,1,0.0,0.0, ,3,1,1,1,1,1,1
PortScan,1,ddp,INT,9e-06,200,0,254,0,0,0,-,88888888.0,0.0,2,0,0,0,0,0,100,0,0,0,0.0,0.0,1424244372,1424244372,0.009,0.0,0.0,0.0,0.0,0,2,0.0,0.0, ,7,7,3,3,3,3,7
PortScan,1,udp,INT,9e-06,168,0,254,0,0,0,-,74666664.0,0.0,2,0,0,0,0,0,84,0,0,0,0.0,0.0,1424239794,1424239794,0.009,0.0,0.0,0.0,0.0,0,2,0.0,0.0, ,2,3,2,15,1,1,1
PortScan,1,udp,INT,1.5e-05,168,0,254,0,0,0,-,44800000.0,0.0,2,0,0,0,0,0,84,0,0,0,0.0,0.0,1424230588,1424230588,0.015,0.0,0.0,0.0,0.0,0,2,0.0,0.0, ,1,1,1,2,1,1,1
PortScan,1,tcp,FIN,0.394592,770,268,254,252,2,1,http,14049.95606,4541.399902,10,6,255,255,2788108599,1267966486,77,45,1,0,2203.042015,104.247266,1424224273,1424224273,41.846222,65.141602,0.098075,0.068879,0.029196,0,1,1.0,0.0, ,1,1,4,1,1,1,1
PortScan,1,udp,INT,1.1e-05,168,0,254,0,0,0,-,61090908.0,0.0,2,0,0,0,0,0,84,0,0,0,0.0,0.0,1421933000,1421933000,0.011,0.0,0.0,0.0,0.0,0,2,0.0,0.0,0,1,6,3,1,1,1,1
PortScan,1,udp,INT,8e-06,168,0,254,0,0,0,-,84000000.0,0.0,2,0,0,0,0,0,84,0,0,0,0.0,0.0,1424244629,1424244629,0.008,0.0,0.0,0.0,0.0,0,2,0.0,0.0, ,1,1,33,33,1,1,34
PortScan,1,udp,INT,1e-05,168,0,254,0,0,0,-,67200000.0,0.0,2,0,0,0,0,0,84,0,0,0,0.0,0.0,1424235661,1424235661,0.01,0.0,0.0,0.0,0.0,0,2,0.0,0.0, ,1,1,1,1,1,1,1
PortScan,1,sat-mon,INT,8e-06,200,0,254,0,0,0,-,100000000.0,0.0,2,0,0,0,0,0,100,0,0,0,0.0,0.0,1424244386,1424244386,0.008,0.0,0.0,0.0,0.0,0,2,0.0,0.0, ,12,12,4,5,3,3,16
PortScan,1,udp,INT,9e-06,168,0,254,0,0,0,-,74666664.0,0.0,2,0,0,0,0,0,84,0,0,0,0.0,0.0,1424238875,1424238875,0.009,0.0,0.0,0.0,0.0,0,2,0.0,0.0, ,1,1,1,1,1,1,1
PortScan,1,tcp,FIN,0.396997,794,268,254,252,2,1,http,14408.16895,4513.888184,10,6,255,255,1053121110,1887578455,79,45,1,0,1992.027971,90.498891,1424244404,1424244405,39.308444,66.096203,0.12505,0.066506,0.058544,0,1,1.0,0.0, ,2,1,1,1,1,1,1
PortScan,1,udp,INT,1e-05,168,0,254,0,0,0,-,67200000.0,0.0,2,0,0,0,0,0,84,0,0,0,0.0,0.0,1421929237,1421929237,0.01,0.0,0.0,0.0,0.0,0,2,0.0,0.0,0,1,1,1,1,1,1,1
PortScan,1,udp,INT,3e-06,168,0,254,0,0,0,-,224000000.0,0.0,2,0,0,0,0,0,84,0,0,0,0.0,0.0,1424222405,1424222405,0.003,0.0,0.0,0.0,0.0,0,2,0.0,0.0, ,2,3,1,1,1,1,1
PortScan,1,udp,INT,2e-06,168,0,254,0,0,0,-,336000000.0,0.0,2,0,0,0,0,0,84,0,0,0,0.0,0.0,1424257215,1424257215,0.002,0.0,0.0,0.0,0.0,0,2,0.0,0.0, ,1,1,1,1,1,1,1
PortScan,1,udp,INT,1e-05,168,0,254,0,0,0,-,67200000.0,0.0,2,0,0,0,0,0,84,0,0,0,0.0,0.0,1421930532,1421930532,0.01,0.0,0.0,0.0,0.0,0,2,0.0,0.0,0,4,1,1,2,1,1,1
PortScan,1,tcp,FIN,1.698183,564,354,254,252,2,1,-,2393.14624,1460.384521,10,8,255,255,2466189150,844471900,56,44,0,0,11494.01137,319.255875,1421927919,1421927921,188.575111,220.781859,0.238048,0.152702,0.085346,0,1,0.0,0.0,0,3,2,1,1,1,1,1
PortScan,1,tcp,FIN,1.068564,564,354,254,252,2,1,-,3803.234863,2320.871582,10,8,255,255,3698653351,1194665344,56,44,0,0,7361.864065,218.090047,1424249032,1424249033,118.729333,140.275578,0.117112,0.050605,0.066507,0,1,0.0,0.0, ,1,1,1,1,1,1,1
PortScan,1,tcp,FIN,0.313492,792,268,254,252,2,1,http,18195.04102,5716.254395,10,6,255,255,1291667027,4023106778,79,45,1,0,1710.347493,74.79918,1424256368,1424256368,32.525111,51.407801,0.100842,0.056445,0.044397,0,1,1.0,0.0, ,1,2,1,1,1,1,1
PortScan,1,tcp,FIN,1.005567,956,268,254,252,2,1,-,6849.867188,1782.079224,10,6,255,255,1481884613,1217525678,96,45,0,0,7996.971175,353.772875,1421932759,1421932760,109.704667,188.817406,0.122839,0.061457,0.061382,0,1,0.0,0.0,0,1,1,1,1,1,1,1
PortScan,1,unas,INT,9e-06,200,0,254,0,0,0,-,88888888.0,0.0,2,0,0,0,0,0,100,0,0,0,0.0,0.0,1424244430,1424244430,0.009,0.0,0.0,0.0,0.0,0,2,0.0,0.0, ,7,7,3,3,3,3,9
PortScan,1,unas,INT,9e-06,200,0,254,0,0,0,-,88888888.0,0.0,2,0,0,0,0,0,100,0,0,0,0.0,0.0,1424223284,1424223284,0.009,0.0,0.0,0.0,0.0,0,2,0.0,0.0, ,7,7,3,12,3,3,7
PortScan,1,tcp,FIN,0.922128,564,354,254,252,2,1,-,4407.197266,2689.431396,10,8,255,255,3487260580,1686099024,56,44,0,0,6492.733654,174.825063,1424244266,1424244267,97.685222,123.851289,0.123093,0.05516,0.067933,0,1,0.0,0.0, ,1,1,1,2,1,1,1
PortScan,1,tcp,FIN,0.786384,564,354,254,252,2,1,-,5167.958984,3153.675537,10,8,255,255,1134155832,1471272474,56,44,0,0,6299.367726,142.741172,1424238938,1424238939,87.171444,104.919141,0.083246,0.051946,0.0313,0,1,0.0,0.0, ,1,1,1,1,1,1,1
PortScan,1,udp,INT,1.9e-05,168,0,254,0,0,0,-,35368424.0,0.0,2,0,0,0,0,0,84,0,0,0,0.0,0.0,1421930955,1421930955,0.019,0.0,0.0,0.0,0.0,0,2,0.0,0.0,0,1,2,2,1,1,1,1
PortScan,1,tcp,FIN,0.622958,564,354,254,252,2,1,-,6523.714355,3981.006836,10,8,255,255,4138625301,3777730129,56,44,0,0,5376.861057,138.860578,1424227039,1424227039,69.217556,87.37843,0.052601,0.007188,0.045413,0,1,0.0,0.0, ,1,2,1,1,1,1,1
PortScan,1,unas,INT,7e-06,200,0,254,0,0,0,-,114285712.0,0.0,2,0,0,0,0,0,100,0,0,0,0.0,0.0,1424258882,1424258882,0.007,0.0,0.0,0.0,0.0,0,2,0.0,0.0, ,7,7,3,4,3,3,7
PortScan,1,rsvp,INT,3e-06,200,0,254,0,0,0,-,266666656.0,0.0,2,0,0,0,0,0,100,0,0,0,0.0,0.0,1424258787,1424258787,0.003,0.0,0.0,0.0,0.0,0,2,0.0,0.0, ,4,4,2,3,2,2,4
PortScan,1,tcp,FIN,0.6567,564,354,254,252,2,1,-,6188.518066,3776.458008,10,8,255,255,4127286500,3661484455,56,44,0,0,5423.372408,132.725656,1424239176,1424239177,72.055778,90.803141,0.039394,0.021069,0.018325,0,1,0.0,0.0, ,1,1,1,1,1,1,1
PortScan,1,tcp,FIN,1.103211,564,354,254,252,2,1,-,3683.791992,2247.983398,10,8,255,255,1724584085,2477476457,56,44,0,0,7369.299516,229.752875,1424260375,1424260376,118.386333,151.41,0.111349,0.043332,0.068017,0,1,0.0,0.0, ,1,1,1,1,1,1,1
PortScan,1,eigrp,INT,6e-06,200,0,254,0,0,0,-,133333328.0,0.0,2,0,0,0,0,0,100,0,0,0,0.0,0.0,1424244391,1424244391,0.006,0.0,0.0,0.0,0.0,0,2,0.0,0.0, ,12,12,6,6,3,3,17
PortScan,1,tcp,FIN,0.62357,564,354,254,252,2,1,-,6517.311523,3977.099365,10,8,255,255,721209937,3577153484,56,44,0,0,5403.720656,138.080016,1421934299,1421934299,68.863444,88.02057,0.051314,0.007415,0.043899,0,1,0.0,0.0,0,2,1,1,1,1,1,1
PortScan,1,tcp,FIN,0.694589,564,354,254,252,2,1,-,5850.941895,3570.456787,10,8,255,255,2837300897,1870283527,56,44,0,0,5628.71572,139.354031,1424229094,1424229095,77.176556,97.159859,0.066981,0.013829,0.053152,0,1,0.0,0.0, ,1,1,1,1,1,1,1
PortScan,1,tcp,FIN,0.635262,802,268,254,252,2,1,http,9092.311523,2820.883301,10,6,255,255,2490801613,2441871169,80,45,1,0,3499.970183,180.638344,1424225459,1424225459,70.496333,111.904398,0.159913,0.075734,0.084179,0,1,1.0,0.0, ,1,1,1,1,1,1,1
PortScan,1,udp,INT,1.1e-05,168,0,254,0,0,0,-,61090908.0,0.0,2,0,0,0,0,0,84,0,0,0,0.0,0.0,1421930010,1421930010,0.011,0.0,0.0,0.0,0.0,0,2,0.0,0.0,0,1,1,1,1,1,1,1
PortScan,1,unas,INT,2e-06,200,0,254,0,0,0,-,400000000.0,0.0,2,0,0,0,0,0,100,0,0,0,0.0,0.0,1424244422,1424244422,0.002,0.0,0.0,0.0,0.0,0,2,0.0,0.0, ,6,6,4,4,3,3,8
PortScan,1,tcp,FIN,2.039021,564,354,254,252,2,1,-,1993.113403,1216.269897,10,8,255,255,3744063579,3759845713,56,44,0,0,15412.79609,413.207969,1424241854,1424241856,226.557889,268.435844,0.255214,0.158671,0.096543,0,1,0.0,0.0, ,6,1,1,1,1,1,1
PortScan,1,tcp,FIN,1.078413,564,354,254,252,2,1,-,3768.500488,2299.675537,10,8,255,255,1359599792,1400344741,56,44,0,0,7429.425378,193.900703,1424238165,1424238166,116.257778,134.421,0.189972,0.137456,0.052516,0,1,0.0,0.0, ,2,1,1,2,1,1,1
PortScan,1,tcp,FIN,1.20199,784,354,254,252,2,1,http,4698.874512,2063.245117,10,8,255,255,3987598605,4238919680,78,44,0,0,7668.651479,240.931734,1421928073,1421928074,133.538889,156.244859,0.208029,0.108269,0.09976,0,1,0.0,0.0,0,2,1,1,2,2,1,1
PortScan,1,udp,INT,3e-06,168,0,254,0,0,0,-,224000000.0,0.0,2,0,0,0,0,0,84,0,0,0,0.0,0.0,1424235256,1424235256,0.003,0.0,0.0,0.0,0.0,0,2,0.0,0.0, ,12,1,1,2,1,1,1
PortScan,1,udp,INT,8e-06,168,0,254,0,0,0,-,84000000.0,0.0,2,0,0,0,0,0,84,0,0,0,0.0,0.0,1424251467,1424251467,0.008,0.0,0.0,0.0,0.0,0,2,0.0,0.0, ,2,4,2,2,1,1,1
PortScan,1,tcp,FIN,0.283113,856,268,254,252,2,1,http,21786.35352,6329.62793,10,6,255,255,2462033492,2045038811,86,45,1,0,1544.488481,76.191758,1424253209,1424253209,31.457,46.774801,0.093268,0.028931,0.064337,0,1,1.0,0.0, ,1,1,1,1,1,1,1
Shellcode,1,udp,INT,8e-06,132,0,254,0,0,0,-,66000000.0,0.0,2,0,0,0,0,0,66,0,0,0,0.0,0.0,1424221647,1424221647,0.008,0.0,0.0,0.0,0.0,0,2,0.0,0.0, ,3,2,1,1,1,1,2
Shellcode,1,udp,INT,1e-05,690,0,254,0,0,0,-,276000000.0,0.0,2,0,0,0,0,0,345,0,0,0,0.0,0.0,1424239216,1424239216,0.01,0.0,0.0,0.0,0.0,0,2,0.0,0.0, ,4,1,1,2,1,1,1
Shellcode,1,udp,INT,2.5e-05,156,0,254,0,0,0,-,24960000.0,0.0,2,0,0,0,0,0,78,0,0,0,0.0,0.0,1424235433,1424235433,0.025,0.0,0.0,0.0,0.0,0,2,0.0,0.0, ,1,2,1,2,1,1,1
Shellcode,1,udp,INT,8e-06,344,0,254,0,0,0,-,172000000.0,0.0,2,0,0,0,0,0,172,0,0,0,0.0,0.0,1424258050,1424258050,0.008,0.0,0.0,0.0,0.0,0,2,0.0,0.0, ,3,1,1,1,1,1,1
Shellcode,1,udp,INT,1.1e-05,1474,0,254,0,0,0,-,536000000.0,0.0,2,0,0,0,0,0,737,0,0,0,0.0,0.0,1424228774,1424228774,0.011,0.0,0.0,0.0,0.0,0,2,0.0,0.0, ,1,1,1,1,1,1,1
Shellcode,1,tcp,FIN,0.180194,502,268,254,252,2,1,-,20067.25977,9944.836914,10,6,255,255,3045245745,2577627525,50,45,0,0,980.819755,59.084387,1421929214,1421929214,18.374556,34.736398,0.051799,0.006509,0.04529,0,1,0.0,0.0,0,1,1,1,1,1,1,1
Shellcode,1,udp,INT,8e-06,298,0,254,0,0,0,-,149000000.0,0.0,2,0,0,0,0,0,149,0,0,0,0.0,0.0,1424236205,1424236205,0.008,0.0,0.0,0.0,0.0,0,2,0.0,0.0, ,3,3,1,1,1,1,3
Shellcode,1,tcp,FIN,2.631878,748,354,254,252,2,1,-,2048.727295,942.292969,10,8,255,255,1341694613,980511234,75,44,0,0,18639.73593,581.016938,1424222605,1424222608,292.342222,372.824844,0.061247,0.022095,0.039152,0,1,0.0,0.0, ,1,1,1,1,1,1,1
Shellcode,1,tcp,FIN,0.399327,598,268,254,252,2,1,-,10798.16797,4487.550293,10,6,255,255,2012981503,65131154,60,45,0,0,2076.754492,98.081914,1424230729,1424230730,41.654556,67.673203,0.096547,0.060958,0.035589,0,1,0.0,0.0, ,2,1,1,2,1,1,1
Shellcode,1,tcp,FIN,0.37118,684,268,254,252,2,1,-,13276.57715,4827.846191,10,6,255,255,1040018797,1827395354,68,45,0,0,2205.874689,87.703547,1424230054,1424230054,41.142444,56.496398,0.12815,0.088669,0.039481,0,1,0.0,0.0, ,6,1,1,2,1,1,1
Shellcode,1,udp,INT,1.9e-05,174,0,254,0,0,0,-,36631580.0,0.0,2,0,0,0,0,0,87,0,0,0,0.0,0.0,1424236008,1424236008,0.019,0.0,0.0,0.0,0.0,0,2,0.0,0.0, ,1,1,1,1,1,1,1
Shellcode,1,udp,INT,7e-06,114,0,254,0,0,0,-,65142856.0,0.0,2,0,0,0,0,0,57,0,0,0,0.0,0.0,1424244293,1424244293,0.007,0.0,0.0,0.0,0.0,0,2,0.0,0.0, ,2,1,1,2,1,1,1
Shellcode,1,udp,INT,1.2e-05,690,0,254,0,0,0,-,229999984.0,0.0,2,0,0,0,0,0,345,0,0,0,0.0,0.0,1421931589,1421931589,0.012,0.0,0.0,0.0,0.0,0,2,0.0,0.0,0,4,1,1,2,1,1,1
Shellcode,1,tcp,FIN,0.582362,1018,268,254,252,2,1,-,12596.97559,3077.123779,10,6,255,255,207257215,2843289957,102,45,0,0,3476.058331,165.700172,1424230069,1424230070,60.736778,102.383,0.152811,0.070437,0.082374,0,1,0.0,0.0, ,1,1,1,1,1,1,1
Shellcode,1,udp,INT,8e-06,112,0,254,0,0,0,-,56000000.0,0.0,2,0,0,0,0,0,56,0,0,0,0.0,0.0,1424253684,1424253684,0.008,0.0,0.0,0.0,0.0,0,2,0.0,0.0, ,1,2,18,2,1,1,1
Shellcode,1,udp,INT,4e-06,352,0,254,0,0,0,-,352000000.0,0.0,2,0,0,0,0,0,176,0,0,0,0.0,0.0,1424219998,1424219998,0.004,0.0,0.0,0.0,0.0,0,2,0.0,0.0, ,2,1,1,1,1,1,1
Shellcode,1,tcp,FIN,2.445761,532,354,254,252,2,1,-,1566.79248,1013.999329,10,8,255,255,2698413828,2158495437,53,44,0,0,16274.05396,453.596375,1424220330,1424220333,256.939,338.222156,0.156526,0.078205,0.078321,0,1,0.0,0.0, ,1,1,1,1,1,1,1
Shellcode,1,udp,INT,3e-06,280,0,254,0,0,0,-,373333312.0,0.0,2,0,0,0,0,0,140,0,0,0,0.0,0.0,1424240839,1424240839,0.003,0.0,0.0,0.0,0.0,0,2,0.0,0.0, ,1,1,1,1,1,1,1
Shellcode,1,tcp,FIN,0.907371,668,354,254,252,2,1,-,5307.641602,2733.170898,10,8,255,255,1348500819,13436120,67,44,0,0,5522.021038,167.241187,1421928299,1421928300,96.814444,98.346141,0.318425,0.218942,0.099483,0,1,0.0,0.0,0,7,3,1,4,1,1,1
Shellcode,1,udp,INT,9e-06,130,0,254,0,0,0,-,57777776.0,0.0,2,0,0,0,0,0,65,0,0,0,0.0,0.0,1424247563,1424247563,0.009,0.0,0.0,0.0,0.0,0,2,0.0,0.0, ,1,1,1,2,1,1,1
Shellcode,1,udp,INT,6e-06,524,0,254,0,0,0,-,349333312.0,0.0,2,0,0,0,0,0,262,0,0,0,0.0,0.0,1421928278,1421928278,0.006,0.0,0.0,0.0,0.0,0,2,0.0,0.0,0,1,6,1,1,1,1,1
Shellcode,1,udp,INT,8e-06,114,0,254,0,0,0,-,57000000.0,0.0,2,0,0,0,0,0,57,0,0,0,0.0,0.0,1424233773,1424233773,0.008,0.0,0.0,0.0,0.0,0,2,0.0,0.0, ,1,1,1,1,1,1,1
Shellcode,1,tcp,FIN,0.470106,686,268,254,252,2,1,-,10516.77734,3811.90625,10,6,255,255,4102942406,3367648821,69,45,0,0,2328.350516,95.567523,1424251794,1424251795,43.397444,72.975,0.177564,0.105221,0.072343,0,1,0.0,0.0, ,3,1,1,3,1,1,1
Shellcode,1,tcp,FIN,0.950711,626,268,254,252,2,1,-,4745.921875,1884.905029,10,6,255,255,300148699,981814419,63,45,0,0,6752.415487,324.985469,1424259231,1424259232,104.123333,176.736203,0.101736,0.067023,0.034713,0,1,0.0,0.0, ,2,1,1,15,1,1,1
Shellcode,1,udp,INT,1e-06,154,0,254,0,0,0,-,616000000.0,0.0,2,0,0,0,0,0,77,0,0,0,0.0,0.0,1424261056,1424261056,0.001,0.0,0.0,0.0,0.0,0,2,0.0,0.0, ,1,1,1,1,1,1,1
Shellcode,1,tcp,FIN,0.27779,536,268,254,252,2,1,-,13909.78711,6450.916016,10,6,255,255,3103288956,4102525633,54,45,0,0,1529.875303,61.903934,1424260056,1424260056,30.865556,38.406602,0.105581,0.072908,0.032673,0,1,0.0,0.0, ,1,1,1,18,1,1,1
Shellcode,1,tcp,FIN,0.610628,532,268,254,252,2,1,-,6275.506348,2934.683594,10,6,255,255,85038225,4223672438,53,45,0,0,3997.798866,178.255469,1424255166,1424255166,67.847556,97.309203,0.158955,0.102071,0.056884,0,1,0.0,0.0, ,1,1,1,1,1,1,1
Shellcode,1,tcp,FIN,0.341056,568,268,254,252,2,1,-,12009.75879,5254.269043,10,6,255,255,3168684949,1766544414,57,45,0,0,1918.882265,67.148523,1424251347,1424251347,35.153,46.781602,0.145521,0.107139,0.038382,0,1,0.0,0.0, ,6,1,1,3,1,1,1
Shellcode,1,udp,INT,1e-05,202,0,254,0,0,0,-,80800000.0,0.0,2,0,0,0,0,0,101,0,0,0,0.0,0.0,1421933140,1421933140,0.01,0.0,0.0,0.0,0.0,0,2,0.0,0.0,0,7,1,1,3,1,1,1
Shellcode,1,tcp,FIN,0.429337,1132,354,254,252,2,1,-,18987.41602,5776.348145,10,8,255,255,1394563586,2620277625,113,44,0,0,3108.744314,117.713484,1424225149,1424225149,45.516778,58.447145,0.069779,0.020203,0.049576,0,1,0.0,0.0, ,1,1,10,1,1,1,1
Shellcode,1,udp,INT,2e-06,944,0,254,0,0,0,-,1888000000.0,0.0,2,0,0,0,0,0,472,0,0,0,0.0,0.0,1424229888,1424229888,0.002,0.0,0.0,0.0,0.0,0,2,0.0,0.0, ,1,1,2,2,1,1,2
Shellcode,1,tcp,FIN,1.513646,500,354,254,252,2,1,-,2378.363281,1638.427979,10,8,255,255,1283303820,973183226,50,44,0,0,10397.0023,303.755562,1424238179,1424238181,161.360333,207.869578,0.1479,0.058554,0.089346,0,1,0.0,0.0, ,2,1,19,2,1,1,1
Shellcode,1,udp,INT,8e-06,392,0,254,0,0,0,-,196000000.0,0.0,2,0,0,0,0,0,196,0,0,0,0.0,0.0,1424255194,1424255194,0.008,0.0,0.0,0.0,0.0,0,2,0.0,0.0, ,1,1,1,2,1,1,1
Shellcode,1,tcp,FIN,1.029849,564,354,254,252,2,1,-,3946.209473,2408.119873,10,8,255,255,1406109543,3653724347,56,44,0,0,6345.485947,286.2655,1424232732,1424232733,111.058667,135.415578,0.167427,0.081931,0.085496,0,1,0.0,0.0, ,4,3,2,2,1,1,1
Shellcode,1,udp,INT,1e-05,594,0,254,0,0,0,-,237600000.0,0.0,2,0,0,0,0,0,297,0,0,0,0.0,0.0,1424246168,1424246168,0.01,0.0,0.0,0.0,0.0,0,2,0.0,0.0, ,1,1,40,1,1,1,1
Shellcode,1,tcp,FIN,0.465819,568,268,254,252,2,1,-,8793.115234,3846.987793,10,6,255,255,433437468,1093300792,57,45,0,0,2503.00434,111.68807,1424244131,1424244131,46.099778,75.37,0.171552,0.08896,0.082592,0,1,0.0,0.0, ,5,5,1,1,1,1,5
Shellcode,1,tcp,FIN,0.30589,610,268,254,252,2,1,-,14358.10254,5858.31543,10,6,255,255,1924076717,3888531035,61,45,0,0,1488.579048,69.250086,1424247534,1424247534,29.037889,52.958602,0.104809,0.041092,0.063717,0,1,0.0,0.0, ,1,1,1,1,1,1,1
Shellcode,1,udp,INT,1e-05,194,0,254,0,0,0,-,77600000.0,0.0,2,0,0,0,0,0,97,0,0,0,0.0,0.0,1424243537,1424243537,0.01,0.0,0.0,0.0,0.0,0,2,0.0,0.0, ,6,1,1,1,1,1,1
Shellcode,1,tcp,FIN,0.24829,570,268,254,252,2,1,-,16529.05859,7217.366699,10,6,255,255,2854640158,3623074175,57,45,0,0,1388.837283,63.962984,1424224304,1424224305,26.106222,39.307,0.09902,0.051748,0.047272,0,1,0.0,0.0, ,11,2,1,4,1,1,1
Shellcode,1,tcp,FIN,0.162486,524,268,254,252,2,1,-,23238.92578,11028.64258,10,6,255,255,3803737741,1747133405,52,45,0,0,1037.49451,48.047434,1424220083,1424220083,17.697111,28.609,0.027466,0.019432,0.008034,0,1,0.0,0.0, ,2,1,1,1,1,1,1
Shellcode,1,tcp,FIN,0.443259,600,268,254,252,2,1,-,9745.995117,4042.783203,10,6,255,255,564399245,1201050724,60,45,0,0,2222.266505,91.281344,1421928626,1421928626,45.561778,74.019398,0.111295,0.07316,0.038135,0,1,0.0,0.0,0,7,1,1,2,1,1,1
Shellcode,1,tcp,FIN,0.199845,1018,268,254,252,2,1,-,36708.44922,8966.949219,10,6,255,255,1065973582,3394973631,102,45,0,0,1144.33836,47.909504,1424236690,1424236690,21.323333,28.712,0.073806,0.056282,0.017524,0,1,0.0,0.0, ,1,1,1,1,1,1,1
Shellcode,1,tcp,FIN,0.199845,1018,268,254,252,2,1,-,36708.44922,8966.949219,10,6,255,255,1065973582,3394973631,102,45,0,0,1144.33836,47.909504,1424236690,1424236690,21.323333,28.712,0.073806,0.056282,0.017524,0,1,0.0,0.0, ,1,1,1,1,1,1,1
Shellcode,1,tcp,FIN,0.610628,532,268,254,252,2,1,-,6275.506348,2934.683594,10,6,255,255,85038225,4223672438,53,45,0,0,3997.798866,178.255469,1424255166,1424255166,67.847556,97.309203,0.158955,0.102071,0.056884,0,1,0.0,0.0, ,1,1,1,1,1,1,1
Shellcode,1,udp,INT,3e-06,338,0,254,0,0,0,-,450666656.0,0.0,2,0,0,0,0,0,169,0,0,0,0.0,0.0,1424226564,1424226564,0.003,0.0,0.0,0.0,0.0,0,2,0.0,0.0, ,1,1,1,1,1,1,1
Shellcode,1,udp,INT,2e-06,202,0,254,0,0,0,-,404000000.0,0.0,2,0,0,0,0,0,101,0,0,0,0.0,0.0,1424232692,1424232692,0.002,0.0,0.0,0.0,0.0,0,2,0.0,0.0, ,7,6,3,5,1,1,1
Shellcode,1,tcp,FIN,1.604888,600,354,254,252,2,1,-,2691.776611,1545.279175,10,8,255,255,344907107,4075005296,60,44,0,0,10832.59298,441.485063,1424249506,1424249508,178.320889,217.603719,0.150335,0.081066,0.069269,0,1,0.0,0.0, ,2,1,1,1,1,1,1
Shellcode,1,tcp,FIN,0.608616,710,354,254,252,2,1,-,8399.384766,4074.819092,10,8,255,255,2918533722,1996604387,71,44,0,0,3885.798962,130.449523,1421932714,1421932715,60.213333,82.35243,0.107072,0.032139,0.074933,0,1,0.0,0.0,0,2,1,1,1,1,1,1
Shellcode,1,udp,INT,9e-06,226,0,254,0,0,0,-,100444440.0,0.0,2,0,0,0,0,0,113,0,0,0,0.0,0.0,1424259076,1424259076,0.009,0.0,0.0,0.0,0.0,0,2,0.0,0.0, ,1,1,1,1,1,1,1
Shellcode,1,tcp,FIN,0.23462,1142,268,254,252,2,1,-,35052.42578,7637.882324,10,6,255,255,508461891,293218139,114,45,0,0,1236.778735,64.445562,1421929627,1421929628,26.068889,44.845398,0.05812,0.009326,0.048794,0,1,0.0,0.0,0,2,1,1,1,1,1,1
Shellcode,1,tcp,FIN,0.223076,1332,268,254,252,2,1,-,42998.79688,8033.136719,10,6,255,255,3676062230,1984373418,133,45,0,0,1174.593196,65.685281,1424257999,1424257999,22.333222,41.846398,0.075294,0.01384,0.061454,0,1,0.0,0.0, ,1,1,1,1,1,1,1
Shellcode,1,tcp,FIN,0.596607,530,268,254,252,2,1,-,6396.169922,3003.6521,10,6,255,255,3532553627,2266561003,53,45,0,0,3644.59543,136.369438,1424245360,1424245360,64.257444,87.027203,0.300551,0.161468,0.139083,0,1,0.0,0.0, ,1,2,1,1,1,1,1
Shellcode,1,udp,INT,1.4e-05,222,0,254,0,0,0,-,63428572.0,0.0,2,0,0,0,0,0,111,0,0,0,0.0,0.0,1424246790,1424246790,0.014,0.0,0.0,0.0,0.0,0,2,0.0,0.0, ,7,1,1,16,1,1,1
Shellcode,1,tcp,FIN,0.587053,1018,268,254,252,2,1,-,12496.31641,3052.5354,10,6,255,255,3546916448,4045247841,102,45,0,0,3244.208804,157.941625,1424255156,1424255157,60.769667,103.679797,0.144145,0.068649,0.075496,0,1,0.0,0.0, ,1,2,1,1,1,1,1
Shellcode,1,tcp,FIN,0.953765,520,354,254,252,2,1,-,3925.495361,2600.221191,10,8,255,255,102743249,1880452651,52,44,0,0,4939.049738,199.372203,1424234606,1424234607,94.025333,118.281289,0.260757,0.125793,0.134964,0,1,0.0,0.0, ,3,1,1,1,1,1,1
